ID_EQUIPO,ID_TIPO_EQ,TIPO_EQUIPO,ID_EMPRESA,NOMBRE_EQUIPO,MARCA,MODELO,SERIE,QR,FOTO,UBICACION,PERIODICIDAD
6,1,MARMITA,1001,MARMITA C.C.1.3  (ex C.C.1.2),CLEVELAND,,,#REF!,EQUIPOS_Images/7.FOTO.142222.jpg,CASINO CENTRAL,TRIMESTRAL 
8,1,MARMITA,1001,MARMITA C.C.1.2 (ex C.C.1.3),BIGGI,,,,EQUIPOS_Images/8.FOTO.142336.jpg,CASINO CENTRAL,TRIMESTRAL 
9,1,MARMITA,1001,MARMITA C.C.1.1 (ex C.C.1.4),USINOX,,,,EQUIPOS_Images/9.FOTO.142312.jpg,CASINO CENTRAL,TRIMESTRAL 
10,2,HORNO CONVECTOR,1001,HORNO C.C.2.1,RATIONAL,CM,,,EQUIPOS_Images/10.FOTO.142443.jpg,CASINO CENTRAL,FUERA CONTRATO
11,2,HORNO CONVECTOR,1001,HORNO C.C.2.1 (ex  C.C.2.2),RATIONAL,CM,,,EQUIPOS_Images/11.FOTO.142514.jpg,CASINO CENTRAL,FUERA CONTRATO
12,2,HORNO CONVECTOR,1001,HORNO C.C.2.2 (ex C.C.2.3),RATIONAL (nuevo),SCC WE 201,E21SI18022644915,,EQUIPOS_Images/12.FOTO.142801.jpg,CASINO CENTRAL,FUERA CONTRATO
13,2,HORNO CONVECTOR,1001,HORNO C.C.2.4,RATIONAL,SCC WE 201,E21SI18092696801,,EQUIPOS_Images/13.FOTO.143033.jpg,CASINO CENTRAL,FUERA CONTRATO
15,3,SARTEN BASCULANTE,1001,SARTEN BASCULANTE C.C.4.1 (ex C.C.4.2),CLEVELAND,,,,EQUIPOS_Images/15.FOTO.143316.jpg,CASINO CENTRAL,TRIMESTRAL 
16,4,COCINA A GAS,1001,COCINA C.C.5.1,8 PLATOS,IMAHE,,,EQUIPOS_Images/16.FOTO.144359.jpg,CASINO CENTRAL,TRIMESTRAL 
17,5,MANTENEDOR CALIENTE,1001,MANTENEDOR CALIENTE C.C.6.1,FWE,X BANDEJAS,,,EQUIPOS_Images/17.FOTO.204606.jpg,CASINO CENTRAL,SEMESTRAL
18,5,MANTENEDOR CALIENTE,1001,MANTENEDOR CALIENTE C.C.6.2.     ZONA DE ACOPIO,IMAHE,OBA 14018,,,EQUIPOS_Images/18.FOTO.145850.jpg,CASINO CENTRAL,DE BAJA
19,5,MANTENEDOR CALIENTE,1001,MANTENEDOR CALIENTE C.C.6.3.,OZTI,11 BANDEJAS,,,EQUIPOS_Images/19.FOTO.204229.jpg,CASINO CENTRAL,SEMESTRAL
20,5,MANTENEDOR CALIENTE,1001,MANTENEDOR CALIENTE C.C.6.4,OZTI,11 BANDEJAS,,,EQUIPOS_Images/20.FOTO.220000.jpg,CASINO CENTRAL,SEMESTRAL
21,5,MANTENEDOR CALIENTE,1001,MANTENEDOR CALIENTE C.C.6.5.,OZTI,20 BANDEJAS,,,EQUIPOS_Images/21.FOTO.213941.jpg,CASINO CENTRAL,SEMESTRAL
22,5,MANTENEDOR CALIENTE,1001,MANTENEDOR CALIENTE C.C.6.6,OZTI,,,,EQUIPOS_Images/22.FOTO.204746.jpg,CASINO CENTRAL,SEMESTRAL
23,5,MANTENEDOR CALIENTE,1001,MANTENEDOR CALIENTE C.C.6.7 (CUARTO 1),OZTI,5 BANDEJAS,,,EQUIPOS_Images/23.FOTO.210958.jpg,CASINO CENTRAL,SEMESTRAL
24,5,MANTENEDOR CALIENTE,1001,MANTENEDOR CALIENTE C.C.6.8. (CUARTO 1),OZTI,1 puerta,,,EQUIPOS_Images/24.FOTO.211047.jpg,CASINO CENTRAL,SEMESTRAL
25,6,BAÑO MARIA,1001,BAÑO MARÍA C.C.7.1 LÍNEA 1,S/M,,,,EQUIPOS_Images/25.FOTO.214705.jpg,CASINO CENTRAL,BIMESTRAL
26,6,BAÑO MARIA,1001,BAÑO MARÍA C.C.7.2.  LÍNEA 1,S/M,,,,EQUIPOS_Images/26.FOTO.214632.jpg,CASINO CENTRAL,BIMESTRAL
27,6,BAÑO MARIA,1001,BAÑO MARÍA C.C.7.3.    LÍNEA 2,S/M,,,,EQUIPOS_Images/27.FOTO.205249.jpg,CASINO CENTRAL,BIMESTRAL
28,6,BAÑO MARIA,1001,BAÑO MARÍA C.C.7.4.   LÍNEA 2,S/M,,,,EQUIPOS_Images/28.FOTO.205256.jpg,CASINO CENTRAL,BIMESTRAL
29,6,BAÑO MARIA,1001,BAÑO MARÍA C.C.7.5.   LÍNEA 3,S/M,,,,EQUIPOS_Images/29.FOTO.215220.jpg,CASINO CENTRAL,BIMESTRAL
30,6,BAÑO MARIA,1001,BAÑO MARÍA C.C.7.6.    LÍNEA 3,S/M,,,,EQUIPOS_Images/30.FOTO.215255.jpg,CASINO CENTRAL,BIMESTRAL
31,6,BAÑO MARIA,1001,BAÑO MARÍA C.C.7.7. LÍNEA 4,S/M,,,,EQUIPOS_Images/31.FOTO.205225.jpg,CASINO CENTRAL,BIMESTRAL
32,6,BAÑO MARIA,1001,BAÑO MARÍA C.C.7.8.    LÍNEA 4,S/M,,,,EQUIPOS_Images/32.FOTO.205210.jpg,CASINO CENTRAL,BIMESTRAL
33,7,EQUIPOS DE FRIO,1001,CÁMARA DE MANTENCIÓN C.C.8.1,S/M,MANTENCIÓN,,,EQUIPOS_Images/33.FOTO.135930.jpg,CASINO CENTRAL,BIMESTRAL
34,7,EQUIPOS DE FRIO,1001,CÁMARA DE CONGELADOS C.C.8.2,S/M,CONGELADOS,,,EQUIPOS_Images/34.FOTO.135935.jpg,CASINO CENTRAL,BIMESTRAL
35,7,EQUIPOS DE FRIO,1001,CÁMARA DE TRANSITO C.C.8.4.     ZONA DE ACOPIO,S/M,TRÁNSITO,,,EQUIPOS_Images/35.FOTO.145231.jpg,CASINO CENTRAL,BIMESTRAL
36,7,EQUIPOS DE FRIO,1001,CONGELADOR C.C.8.3,Mimet,CONGELADORA,,,EQUIPOS_Images/36.FOTO.200624.jpg,CASINO CENTRAL,FUERA CONTRATO
39,7,EQUIPOS DE FRIO,1001,VISICOOLER 2 PUERTA C.C.8.5.   LINEA1 (ex C.C.8.8),S/M,COOLER,,,EQUIPOS_Images/39.FOTO.185203.jpg,CASINO CENTRAL,DE BAJA
40,7,EQUIPOS DE FRIO,1001,VISICOOLER 2 PUERTA C.C.8.7.  LÍNEA 2 (ex C.C.8.9),MIMET VV-38D,,,,EQUIPOS_Images/40.FOTO.213628.jpg,CASINO CENTRAL,TRIMESTRAL
41,7,EQUIPOS DE FRIO,1001,VISICOOLER 2 PUERTA C.C.8.10.  CUARTO MANTENCIÓN 2,MIMET VV-38D,,,,EQUIPOS_Images/41.FOTO.205643.jpg,CASINO CENTRAL,DE BAJA
42,7,EQUIPOS DE FRIO,1001,VISICOOLER 2 PUERTA C.C.8.8.   LÍNEA 2 (ex C.C.8.11),MIMET VV-38D,,,,EQUIPOS_Images/42.FOTO.205841.jpg,CASINO CENTRAL,FUERA CONTRATO
43,7,EQUIPOS DE FRIO,1001,VITRINA DE POSTRES C.C.8.9.   LINEA3 (ex C.C.8.12),MIMET VV-38D,,,,EQUIPOS_Images/43.FOTO.212956.jpg,CASINO CENTRAL,BIMESTRAL
44,7,EQUIPOS DE FRIO,1001,VITRINA DE POSTRES C.C.8.10.  LINEA 4 (ex C.C.8.13),S/M,VITRINA,,,EQUIPOS_Images/44.FOTO.212650.jpg,CASINO CENTRAL,BIMESTRAL
46,8,ABLANDADOR DE AGUA,1001,ABLANDADOR DE AGUA C.C.10.1,S/M,,,,EQUIPOS_Images/46.FOTO.144544.jpg,CASINO CENTRAL,FUERA CONTRATO
47,9,LAVAVAJILLA,1001,LAVAVAJILLAS C.C.11.1,HOBART,,,,EQUIPOS_Images/47.FOTO.145428.jpg,CASINO CENTRAL,DE BAJA
48,7,EQUIPOS DE FRIO,1001,ABATIDOR C.C.12.1.     SALA PREPARACIÓN FRIA,Tecnomac,CM81569391/0,CMB1002625,,EQUIPOS_Images/48.FOTO.215143.jpg,CASINO CENTRAL,BIMESTRAL
50,10,CALDERIN LAVAVAJILLAS,1001,CALDERIN. C.C.17.1,HATCO,,,,EQUIPOS_Images/50.FOTO.145520.jpg,CASINO CENTRAL,DE BAJA
51,19,MAQUINARIAS EN GENERAL,1001,PICADOR DE VERDURAS,ROBOT COUPE CL 52,,,,EQUIPOS_Images/51.FOTO.023034.jpg,CASINO CENTRAL,FUERA CONTRATO
52,4,CALDERA,1001,CALDERA C.C.17.1,ACV INTERNATIONAL,,,,EQUIPOS_Images/52.FOTO.025057.jpg,CASINO CENTRAL,FUERA CONTRATO
53,12,TERMO,1001,TERMO 1 ELECTRICO (De baja),ALBIN TROTTER,,,,EQUIPOS_Images/53.FOTO.151237.jpg,CASINO CENTRAL SUBTERRÁNEO,DE BAJA
54,12,TERMO,1001,TERMO 2 VIVENDUM C.O.15.1,ALBIN TROTTER,,,,EQUIPOS_Images/54.FOTO.151254.jpg,VIVENDUM,FUERA CONTRATO
55,13,CAMARA DESENGRASADORA,1001,CÁMARA DESGRASADORA C.C.16.1,BIG DIPPERS,,,,EQUIPOS_Images/55.FOTO.151246.jpg,CASINO CENTRAL,DE BAJA
56,19,MAQUINARIAS EN GENERAL,1001,MOTORES DE EXTRACCIÓN,S/M,,,,EQUIPOS_Images/56.FOTO.160107.jpg,CASINO CENTRAL,FUERA CONTRATO
57,5,MANTENEDOR CALIENTE,1001,MANTENEDOR CALIENTE  C.PR.6.1,OZTI,,,,EQUIPOS_Images/57.FOTO.214100.jpg,CASINO PROFESORES,SEMESTRAL
58,6,BAÑO MARIA,1001,BAÑO MARÍA   C.PR.7.1,S/M,,,,EQUIPOS_Images/58.FOTO.201403.jpg,CASINO PROFESORES,BIMESTRAL
59,7,EQUIPOS DE FRIO,1001,VISICOOLER DOS PUERTAS C.PR.8.1,S/M,,,,EQUIPOS_Images/59.FOTO.143811.jpg,CASINO PROFESORES,TRIMESTRAL
60,7,EQUIPOS DE FRIO,1001,EQUIPO DE FRÍO C.PR.8.2,SAVORY,CONGELADORA,,,EQUIPOS_Images/60.FOTO.210839.jpg,CASINO PROFESORES,DE BAJA
61,7,EQUIPOS DE FRIO,1001,SALAD BAR C.PR.9.1,ANTARES,,,,EQUIPOS_Images/61.FOTO.214937.jpg,CASINO PROFESORES,BIMESTRAL
62,7,EQUIPOS DE FRIO,1001,SALAD BAR C.PR.9.2,ROLLER GRILL,,,,EQUIPOS_Images/62.FOTO.212632.jpg,CASINO PROFESORES,FUERA CONTRATO
63,5,MANTENEDOR CALIENTE,1001,MANTENEDOR CALIENTE C.P.6.1,OZTI,5 BANDEJAS,,,EQUIPOS_Images/63.FOTO.164617.jpg,COMEDOR P,FUERA CONTRATO
64,5,MANTENEDOR CALIENTE,1001,MANTENEDOR CALIENTE C.P.6.2,OZTI,5 BANDEJAS,,,EQUIPOS_Images/64.FOTO.184651.jpg,COMEDOR P,FUERA CONTRATO
65,6,BAÑO MARIA,1001,BAÑO MARÍA  C.P.7.1,S/M,,,,EQUIPOS_Images/65.FOTO.161848.jpg,COMEDOR P,BIMESTRAL
66,6,BAÑO MARIA,1001,BAÑO MARÍA C.P.7.2,S/M,,,,EQUIPOS_Images/66.FOTO.162034.jpg,COMEDOR P,BIMESTRAL
67,7,EQUIPOS DE FRIO,1001,VISICOOLER 2 PUERTA C.P.8.1,MIMET VV-38D,,,,EQUIPOS_Images/67.FOTO.160652.jpg,COMEDOR P,TRIMESTRAL
68,7,EQUIPOS DE FRIO,1001,VISICOOLER 2 PUERTA. Sin serie (ex C.P.8.2),MIMET VV-38D,,,,EQUIPOS_Images/68.FOTO.160808.jpg,COMEDOR P,DE BAJA
69,7,EQUIPOS DE FRIO,1001,VISICOOLER 2 PUERTA C.P.8.2 (ex C.P.8.3),MIMET VV-38D,,,,EQUIPOS_Images/69.FOTO.160904.jpg,COMEDOR P,TRIMESTRAL
70,7,EQUIPOS DE FRIO,1001,VITRINA DE POSTRES C.P.8.3,S/M,VITRINA,,,EQUIPOS_Images/70.FOTO.161028.jpg,COMEDOR P,BIMESTRAL
71,7,EQUIPOS DE FRIO,1001,SLAD BAR C.P.9.1,S/M,,,,EQUIPOS_Images/71.FOTO.173315.jpg,COMEDOR P,FUERA CONTRATO
72,9,LAVAVAJILLA,1001,LAVAVAJILLAS C.P.11.1,WOLK,,,,EQUIPOS_Images/72.FOTO.161700.jpg,COMEDOR P,FUERA CONTRATO
73,16,AIRE ACONDICIONADO,1001,"AIRE ACONDICIONADO COMEDOR ""P"" C.P.14.1",Midea,12.000 BTU/HR,,,EQUIPOS_Images/73.FOTO.190307.jpg,COMEDOR P,FUERA CONTRATO
75,2,HORNO CONVECTOR,1001,HORNO C.O.2.1,OPPICI,6 BANDEJAS,MENSUAL,,EQUIPOS_Images/75.FOTO.204936.jpg,VIVENDUM,FUERA CONTRATO
76,2,HORNO CONVECTOR,1001,HORNO C.O.2.2,EUROMAX,10 BANDEJAS,MENSUAL,,EQUIPOS_Images/76.FOTO.003406.jpg,VIVENDUM,FUERA CONTRATO
77,4,COCINA A GAS,1001,COCINA C.O.5.1,S/M,4 PLATOS,,,EQUIPOS_Images/77.FOTO.204715.jpg,VIVENDUM,TRIMESTRAL
78,5,MANTENEDOR CALIENTE,1001,MANTENEDOR CALIENTE C.O.6.1,VULCAN,5 BANDEJAS,,,EQUIPOS_Images/78.FOTO.184630.jpg,VIVENDUM,SEMESTRAL
79,6,BAÑO MARIA,1001,BAÑO MARÍA C.O.7.1,S/M,,,,EQUIPOS_Images/79.FOTO.194259.jpg,VIVENDUM,BIMESTRAL
80,7,EQUIPOS DE FRIO,1001,VITRINA DE POSTRES C.O.8.1,VENTUS PS-1400,VITRINA,,,EQUIPOS_Images/80.FOTO.192847.jpg,VIVENDUM,BIMESTRAL
81,7,EQUIPOS DE FRIO,1001,VITRINA C.O.8.2,VENTUS VP-1500R2,VITRINA,,,EQUIPOS_Images/81.FOTO.192302.jpg,VIVENDUM,TRIMESTRAL
84,7,EQUIPOS DE FRIO,1001,VISICOOLER DOS PUERTAS C.O.8.5,MIMET,,,,EQUIPOS_Images/84.FOTO.201308.jpg,VIVENDUM,FUERA CONTRATO
85,7,EQUIPOS DE FRIO,1001,VISICOOLER 1 PUERTA C.O.8.9 (ex C.O.8.6),COOLER,,,,EQUIPOS_Images/85.FOTO.154454.jpg,VIVENDUM,TRIMESTRAL 
86,7,EQUIPOS DE FRIO,1001,VISICOOLER 1 PUERTA C.O.8.10,S/M,,,,EQUIPOS_Images/86.FOTO.190543.jpg,VIVENDUM,TRIMESTRAL
87,7,EQUIPOS DE FRIO,1001,CONGELADOR C.O.8.8,S/M,,,,EQUIPOS_Images/87.FOTO.213537.jpg,VIVENDUM,FUERA CONTRATO
88,7,EQUIPOS DE FRIO,1001,VISICOOLER 1 PUERTA C.O.8.6 (ex C.O.8.9),S/M,,,,EQUIPOS_Images/88.FOTO.185206.jpg,VIVENDUM,TRIMESTRAL
91,7,EQUIPOS DE FRIO,1001,MESON REFRIGERADO C.O.9.2,TURBO AIR,,Ubicado en sala CM1,,EQUIPOS_Images/91.FOTO.184257.jpg,VIVENDUM,TRIMESTRAL
92,9,LAVAVAJILLA,1001,LAVAVAJILLAS C.O.11.1,FAST,,,,EQUIPOS_Images/92.FOTO.201650.jpg,VIVENDUM,FUERA CONTRATO
111d52e9,7,EQUIPOS DE FRIO,1001,SALAD BAR C.C.9.1.    LÍNEA 1,IMAHE,,,,EQUIPOS_Images/111d52e9.FOTO.205241.jpg,CASINO CENTRAL,BIMESTRAL
ec7eedf3,7,EQUIPOS DE FRIO,1001,SALAD BAR C.C.9.2. LÍNEA 2,IMAHE,,,,EQUIPOS_Images/ec7eedf3.FOTO.215203.jpg,CASINO CENTRAL,BIMESTRAL
f7176769,7,EQUIPOS DE FRIO,1001,SALAD BAR C.C.9.3.   LÍNEA 3,S/M,,,,EQUIPOS_Images/f7176769.FOTO.205232.jpg,CASINO CENTRAL,BIMESTRAL
adf51e35,7,EQUIPOS DE FRIO,1001,SALAD BAR C.C.9.4.   LÍNEA 4,S/M,,,,EQUIPOS_Images/adf51e35.FOTO.191623.jpg,CASINO CENTRAL,BIMESTRAL
073fd5242,8,ABLANDADOR DE AGUA,1001,ABLANDADOR DE AGUA C.P.10.1,S/M,,,,EQUIPOS_Images/073fd524.FOTO.140332.jpg,COMEDOR P,FUERA CONTRATO
8aafd3e2,16,AIRE ACONDICIONADO,1001,AIRE ACONDICIONADO C.O.14.1,SHOOT,SPLIT,,,EQUIPOS_Images/8aafd3e2.FOTO.205942.jpg,VIVENDUM,FUERA CONTRATO
693e37ab,8,ABLANDADOR DE AGUA,1001,ABLANDADOR C.O.10.2,S/M,,,,EQUIPOS_Images/693e37ab.FOTO.210140.jpg,VIVENDUM,FUERA CONTRATO
baf0476d,8,ABLANDADOR DE AGUA,1001,ABLANDADOR DE AGUA C.O.10.1,ION WATER,,,,EQUIPOS_Images/baf0476d.FOTO.210253.jpg,VIVENDUM,FUERA CONTRATO
819bef6e,15,BATIDORA,1001,BATIDORA KITCHENAID,KITCHENAID,5KSM150,,,EQUIPOS_Images/819bef6e.FOTO.211617.jpg,VIVENDUM,FUERA CONTRATO
d3685ddd,13,CAMARA DESENGRASADORA,1001,DESENGRASADORA C.P.16.1,S/M,,,,EQUIPOS_Images/d3685ddd.FOTO.004544.jpg,COMEDOR P,FUERA CONTRATO
71804702,7,EQUIPOS DE FRIO,1001,VISICOOLER C.C.8.6 LINEA UNO,S/M,,,,EQUIPOS_Images/71804702.FOTO.185218.jpg,CASINO CENTRAL,TRIMESTRAL
24eecc3d,7,EQUIPOS DE FRIO,1001,MESON REFRIGERADO C.O.9.1,Lg,Lx125lajm,,,EQUIPOS_Images/24eecc3d.FOTO.185327.jpg,VIVENDUM,TRIMESTRAL
9e76e145,16,AIRE ACONDICIONADO,1001,AIRE ACONDICIONADO C.C.14.1.   SALA PREPARACIÓN FRIA,TRANE,,,,EQUIPOS_Images/9e76e145.FOTO.221033.jpg,CASINO CENTRAL,FUERA CONTRATO
53d8d0fc,7,EQUIPOS DE FRIO,1001,VISICOOLER 2 PUERTA C.C.8.14 ZONA DE ACOPIO,S/M,,C.C.8.14,,EQUIPOS_Images/53d8d0fc.FOTO.221139.jpg,CASINO CENTRAL,DE BAJA
1478,5,MANTENEDOR CALIENTE,1001,MANTENEDOR CALIENTE C.C.6.10,VOLTER,,,,EQUIPOS_Images/1478.FOTO.203324.jpg,CASINO CENTRAL,SEMESTRAL
2173,5,MANTENEDOR CALIENTE,1001,MANTENEDOR CALIENTE C.C.6.9,FOOD WARMER,,,,EQUIPOS_Images/2173.FOTO.203224.jpg,CASINO CENTRAL,SEMESTRAL
1580,7,EQUIPOS DE FRIO,1001,CONGELADOR C.O.8.7,MIMET SAVORY,CV-100IAE,1650365,,,VIVENDUM,DE BAJA
2691,12,TERMO,1001,TERMO 109 LTS C.P.15.1,MADEMSA,100 litros,,,,COMEDOR P,FUERA CONTRATO
2915,9,LAVAVAJILLA,1001,LAVAVAJILLAS WINTERHALTER C50,Winterhalter,C50,42010666,,EQUIPOS_Images/2915.FOTO.134415.jpg,SECTOR LAVADO,FUERA CONTRATO
1942,1,MARMITA,1001,MARMITA C.C.1.4 BIGGI NUEVA,Biggi,,,,EQUIPOS_Images/1942.FOTO.184621.jpg,CASINO CENTRAL,TRIMESTRAL
2578,20,RED DE GAS,1001,RED DE GAS,S/M,,,,,CASINO CENTRAL,FUERA CONTRATO
814,20,RED DE GAS,1001,RED DE GAS,S/M,,,,,VIVENDUM,FUERA CONTRATO
871,7,EQUIPOS DE FRIO,1002,REFRIGERADOR HAIER,HAIER,HYC-260,,,EQUIPOS_Images/871.FOTO.180156.jpg,HOSPITAL QUINTERO,FUERA CONTRATO
1111,7,EQUIPOS DE FRIO,1002,REFRIGERADOR DOS PUERTAS 2307,MAIGAS,,,,EQUIPOS_Images/1111.FOTO.191643.jpg,HOSPITAL QUINTERO,FUERA CONTRATO
1399,7,EQUIPOS DE FRIO,1002,COOLER DOS PUERTAS 2292,MAIGAS,,,,EQUIPOS_Images/1399.FOTO.144414.jpg,HOSPITAL QUINTERO,FUERA CONTRATO
2562,16,AIRE ACONDICIONADO,1002,BOMBA DE CALOR,RHOS,PASRW030B,,,EQUIPOS_Images/2562.FOTO.032528.jpg,URGENCIA,FUERA CONTRATO
93,7,EQUIPOS DE FRIO,1003,COOLER 2 PUERTAS L1.2,DE RIGO,LC-800,0634,,EQUIPOS_Images/93.FOTO.220835.jpg,COOLER,BIMESTRAL
94,7,EQUIPOS DE FRIO,1003,COOLER 1 PUERTA.   LDF.01,DERIGO,L-400,S/S,,EQUIPOS_Images/95.FOTO.144658.jpg,CAFETERIA,BIMESTRAL
95,5,MANTENEDOR CALIENTE,1003,MANTENEDOR CALIENTE L3.3,CYCLING HOT AIR WARMING CABINET,EB- 10W,1344,,EQUIPOS_Images/96.FOTO.144034.jpg,MANTENEDORES CALIENTE,TRIMESTRAL
96,7,EQUIPOS DE FRIO,1003,VITRINA DE POSTRES  L2.2,SIN MARCA,SIN INFORMACION,S/S,,EQUIPOS_Images/96.FOTO.013223.jpg,VITRINAS DE POSTRE,BIMESTRAL
98,6,BAÑO MARIA,1003,BAÑO MARIA L4.3,BIGGI,1/1/2020,Comedor funcionario,,EQUIPOS_Images/99.FOTO.143817.jpg,BAÑOS MARÍA,BIMESTRAL
99,7,EQUIPOS DE FRIO,1003,MESON REFRIGERADO C.F.14.1,DERIGO,YPL9133,S/S,,EQUIPOS_Images/100.FOTO.144601.jpg,MESONES REFRIGERADOS,TRIMESTRAL
100,7,EQUIPOS DE FRIO,1003,MESON REFRIGERADO PE14.1,DE RIGO,YPL9133,YPL913303616022900B50017,,EQUIPOS_Images/101.FOTO.145935.jpg,MESONES REFRIGERADOS,DE BAJA
101,7,EQUIPOS DE FRIO,1003,MESON REFRIGERADO CF14.2,DE RIGO,YPL9133,YPL913303616022900B50013,,EQUIPOS_Images/102.FOTO.145747.jpg,MESONES REFRIGERADOS,TRIMESTRAL
102,1,MARMITA,1003,MARMITA CC9.1,USINOX,MGA25,S/S,,EQUIPOS_Images/103.FOTO.224317.jpg,COCINA,TRIMESTRAL
103,3,SARTEN BASCULANTE,1003,SARTEN BASCULAR CC8.1,OZTI,OTG130/V15.01,CE-1783,,EQUIPOS_Images/104.FOTO.223458.jpg,COCINA,TRIMESTRAL
105,15,BATIDORA,1003,BATIDORA PLANETARIA,Ventus,VM-10,24060-2403013,,EQUIPOS_Images/105.FOTO.154645.jpg,COCINA,FUERA CONTRATO
106,9,LAVAVAJILLA,1003,LAVADORA DE VAJILLAS WOLK,WOLK,WKR 140,S/S,,EQUIPOS_Images/107.FOTO.223907.jpg,LAVAVAJILLAS,FUERA CONTRATO
107,9,LAVAVAJILLA,1003,LAVADORA DE VAJILLAS ELECTROBAR,ELECTTROBAR,FAST 140BD,S/S,,EQUIPOS_Images/108.FOTO.223808.jpg,LAVAVAJILLAS,FUERA CONTRATO
108,7,EQUIPOS DE FRIO,1003,CAMARA TRÁNSITO CT.1,S/M,S/S,S/S,,EQUIPOS_Images/109.FOTO.224015.jpg,CÁMARAS,BIMESTRAL
109,7,EQUIPOS DE FRIO,1003,CAMARA DE FRIO VIÑA CR.1,S/M,S/S,S/S,,EQUIPOS_Images/110.FOTO.224215.jpg,CÁMARAS,BIMESTRAL
110,7,EQUIPOS DE FRIO,1003,CAMARA DE CONGELADOS CCO.1,S/M,S/S,S/S,,EQUIPOS_Images/111.FOTO.224339.jpg,CÁMARAS,BIMESTRAL
111,7,EQUIPOS DE FRIO,1003,PROCESADOR DE VEGETALES PE 15.1,ROBOTCOUPE,CL50E,K4500229001,,EQUIPOS_Images/112.FOTO.223543.jpg,COCINA,SEMESTRAL
112,17,CORTADORA DE FIAMBRE,1003,CORTADOR O LAMINADORA CF1.6,ITA,ES300,S/S,,EQUIPOS_Images/113.FOTO.224411.jpg,COCINA,TRIMESTRAL
113,1,MARMITA,1003,MARMITA OPPICI CC9.3,OPPICI S.A.,MG1500ZG,S/S,,EQUIPOS_Images/114.FOTO.222459.jpg,COCINA,TRIMESTRAL
114,2,HORNO CONVECTOR,1003,HORNO CONVECTOR 20 BANDEJAS C.C.7.1,ANGELOPO,Combistar,FM2011E2-ZMR0,,EQUIPOS_Images/115.FOTO.220912.jpg,HORNOS CONVECTORES,FUERA CONTRATO
115,2,HORNO CONVECTOR,1003,HORNO CONVECTOR 40 BANDEJAS C.C.7.2,GIORIK,SBPE202W,010505/10/14,,EQUIPOS_Images/116.FOTO.220236.jpg,HORNOS CONVECTORES,FUERA CONTRATO
116,7,EQUIPOS DE FRIO,1003,SALAD BAR L5.2,BIGGI,SB140E00,S/S,,EQUIPOS_Images/116.FOTO.051813.jpg,SALAD BAR,TRIMESTRAL
117,8,ABLANDADOR DE AGUA,1003,ABLANDADOR DE AGUA HORNOS,AQUASYSTEM,SIN INFORMACION,S/S,,EQUIPOS_Images/117.FOTO.014005.jpg,ABLANDADORES,FUERA CONTRATO
118,18,CORTINA DE AIRE,1003,CORTINAS DE AIRE  CUARTO FRIO,NORWOOD,FM15-15YK,S/S,,EQUIPOS_Images/118.FOTO.014729.jpg,CORTINAS DE AIRE,SEMESTRAL
119,18,CORTINA DE AIRE,1003,CORTINA DE AIRE MIDEA,MIDEA,HFM-1209Q,S/S,,EQUIPOS_Images/119.FOTO.014715.jpg,CORTINAS DE AIRE,SEMESTRAL
120,14,PLANCHA A GAS,1003,PLANCHA CHURRASQUERA CC10.2,BIGGI,PG,06-481,,EQUIPOS_Images/120.FOTO.192141.jpg,COCINA,TRIMESTRAL
121,14,FREIDORA,1003,FREIDORA CC11.2,OPPICI S.A.,Lado derecho,,,EQUIPOS_Images/121.FOTO.205441.jpg,COCINA,TRIMESTRAL
122,19,MAQUINARIAS EN GENERAL,1003,MOTORES EXTRACCION CAMPANAS,S/M,S/M,,,EQUIPOS_Images/122.FOTO.014644.jpg,EXTRACCIÓN,FUERA CONTRATO
123,4,CALDERA,1003,CALDERA,ACV,Headmaster 60N,A193047,,EQUIPOS_Images/124.FOTO.174921.jpg,CALDERA,FUERA CONTRATO
244,1,MARMITA,1003,MARMITA  CC9.2,USINOX,S/M,S/S,,EQUIPOS_Images/245.FOTO.223100.jpg,COCINA,TRIMESTRAL
245,5,MANTENEDOR CALIENTE,1003,MANTENEDOR CALIENTE L3.1,CYCLING HOT AIR WARMING CABINET,EB-10W,1354,,EQUIPOS_Images/246.FOTO.212350.jpg,MANTENEDORES CALIENTE,TRIMESTRAL
246,7,EQUIPOS DE FRIO,1003,VITRINA DE POSTRES L2.3,DEI,DEI-625E,S/S,,EQUIPOS_Images/246.FOTO.003836.jpg,VITRINAS DE POSTRE,BIMESTRAL
247,5,MANTENEDOR CALIENTE,1003,MANTENEDOR CALIENTE L3.2,CYCLING HOT AIR WARMING CABINET,EB-10W,1343 año 2016,,EQUIPOS_Images/248.FOTO.213138.jpg,MANTENEDORES CALIENTE,TRIMESTRAL
249,6,BAÑO MARIA,1003,BAÑO MARIA L4.2,OPPICI,BE1404G0,A101426A,,EQUIPOS_Images/250.FOTO.220425.jpg,BAÑOS MARÍA,SEMESTRAL
250,7,EQUIPOS DE FRIO,1003,SALAD BAR L5.3,OPPICI,SB14OEDI,A101490A,,EQUIPOS_Images/250.FOTO.221023.jpg,SALAD BAR,TRIMESTRAL
251,7,EQUIPOS DE FRIO,1003,SALAD BAR L5.1,OPPICI,SB140F00,102014,,EQUIPOS_Images/252.FOTO.220834.jpg,SALAD BAR,SEMESTRAL
252,7,EQUIPOS DE FRIO,1003,COOLER 2 PUERTAS L1.3,DE RIGO,LC-800,L202,,EQUIPOS_Images/253.FOTO.221256.jpg,COOLER,BIMESTRAL
253,7,EQUIPOS DE FRIO,1003,COOLER 2 PUERTAS L1.4,DE RIGO,LC-800,0633,,EQUIPOS_Images/254.FOTO.221807.jpg,COOLER,BIMESTRAL
254,7,EQUIPOS DE FRIO,1003,COOLER 2 PUERTAS L1.1,DE RIGO,LC-800,L102,,EQUIPOS_Images/255.FOTO.222128.jpg,COOLER,BIMESTRAL
c129d8c8,8,ABLANDADOR DE AGUA,1003,ABLANDADOR DE AGUA LAVAVAJILLAS,AQUASYSTEM,S/M,S/S,,EQUIPOS_Images/c129d8c8.FOTO.014428.jpg,ABLANDADORES,FUERA CONTRATO
073fd524,14,FREIDORA,1003,FREIDORA  CC11.1,Oppici,S/m,Lado izquierdo,,EQUIPOS_Images/073fd524.FOTO.040704.jpg,COCINA,TRIMESTRAL
9aba72b0,14,PLANCHA A GAS,1003,PLANCHA CHURRASQUERA CC10.1,BIGGI,PG,,,EQUIPOS_Images/9aba72b0.FOTO.204104.jpg,COCINA,TRIMESTRAL
985b1b61,6,BAÑO MARIA,1003,BAÑO MARÍA L4.4,S/M,,,,EQUIPOS_Images/985b1b61.FOTO.010236.jpg,BAÑOS MARÍA,BIMESTRAL
32e1370d,6,BAÑO MARIA,1003,BAÑO MARÍA L4.1,OPICCI,Dos resistencias laterales,3705,,EQUIPOS_Images/32e1370d.FOTO.012647.jpg,BAÑOS MARÍA,BIMESTRAL
203dd088,4,COCINA A GAS,1003,COCINA 6 PLATOS N° SERIE 75,Maigas,AN 0643 E,75,,EQUIPOS_Images/203dd088.FOTO.035435.jpg,COCINA,TRIMESTRAL
81da65af,4,COCINA A GAS,1003,COCINA 6 PLATOS  N° SERIE 73,Maigas,AN 0643 E,73,,EQUIPOS_Images/81da65af.FOTO.040145.jpg,COCINA,TRIMESTRAL
cc45be5b,7,EQUIPOS DE FRIO,1003,MESÓN REFRIGERADO L14.3,De rigo,,,,EQUIPOS_Images/cc45be5b.FOTO.195516.jpg,MESONES REFRIGERADOS,FUERA CONTRATO
27404f78,7,EQUIPOS DE FRIO,1003,CONGELADOR HORIZONTAL PE13.1,Unilever bresler,UDD400SCEB2,,,EQUIPOS_Images/27404f78.FOTO.220929.jpg,CONGELADOR HORIZONTAL,FUERA CONTRATO
204c5f9d,19,MAQUINARIAS EN GENERAL,1003,PEROL N° SERIE 150320171500,SOUP KETTLE,AT51588,150320171500,,EQUIPOS_Images/204c5f9d.FOTO.013446.jpg,COCINA,FUERA CONTRATO
94b75a56,19,MAQUINARIAS EN GENERAL,1003,PEROL 0632,SOUP  KETTLE,AT51588,0632,,EQUIPOS_Images/94b75a56.FOTO.013703.jpg,COCINA,FUERA CONTRATO
2cf9e8d1,19,MAQUINARIAS EN GENERAL,1003,PEROL N° SERIE 150320171501,SOUP KETTLE,AT51588,150320171501,,EQUIPOS_Images/2cf9e8d1.FOTO.013345.jpg,COCINA,FUERA CONTRATO
b399444c,19,MAQUINARIAS EN GENERAL,1003,PEROL 0633,SOUP KETTLE,AT51588,0633,,EQUIPOS_Images/b399444c.FOTO.013557.jpg,COCINA,FUERA CONTRATO
855c941c,19,MAQUINARIAS EN GENERAL,1003,MICROONDAS,Radiance,TMW-1100ER-O,TMERO 161100478,,EQUIPOS_Images/855c941c.FOTO.204251.jpg,MICROONDAS,FUERA CONTRATO
1375,16,AIRE ACONDICIONADO,1004,Aire Acondicionado 48000 btu,DAITSU,DOU-48UIDAT,,,EQUIPOS_Images/1375.FOTO.134117.jpg,FABLAB,TRIMESTRAL
986,16,AIRE ACONDICIONADO,1004,AIRE ACONDICIONADO 48000 BTU,DAITSU,DOU-48UIDAT CASSETTE,,,EQUIPOS_Images/986.FOTO.134528.jpg,FABLAB,TRIMESTRAL
2883,16,AIRE ACONDICIONADO,1004,AIRE ACONDICIONADO INVERTER 24000 BTU,DAITSU,CSU-24HRI3,,,EQUIPOS_Images/2883.FOTO.133947.jpg,FABLAB,TRIMESTRAL
693,16,AIRE ACONDICIONADO,1004,AIRE ACONDICIONADO 24000 BTU,CLARK,CSU-24HR03,,,EQUIPOS_Images/693.FOTO.133223.jpg,SALA DIMA,TRIMESTRAL
1061,16,AIRE ACONDICIONADO,1004,SPLIT SALA M203,Trane,,,,EQUIPOS_Images/1061.FOTO.012233.jpg,EDIFICIO M,TRIMESTRAL
2131,16,AIRE ACONDICIONADO,1004,SPLIT SALA M301,Carrier,,,,EQUIPOS_Images/2131.FOTO.000808.jpg,EDIFICIO M,TRIMESTRAL
2759,16,AIRE ACONDICIONADO,1004,Cassette acceso,Clark,CCA-36HRT,Gas R22,,EQUIPOS_Images/2759.FOTO.162243.jpg,AUDITORIO H,TRIMESTRAL
1581,16,AIRE ACONDICIONADO,1004,Cassette fondo,Clark,CCA-36HRT,R22,,EQUIPOS_Images/1581.FOTO.172039.jpg,AUDITORIO H,TRIMESTRAL
2964,12,TERMO,1004,DUCHAS VARONES CANCHA,TROTTER 700 LTS,TER-E700-380-6,,,EQUIPOS_Images/2964.FOTO.005518.jpg,TERMOS,FUERA CONTRATO
2524,12,TERMO,1004,DUCHAS DAMAS CANCHA,TROTTER 700 LTS,TER-E700-380-6,,,EQUIPOS_Images/2524.FOTO.005621.jpg,TERMOS,FUERA CONTRATO
2872,12,TERMO,1004,GIMNASIO TERMO 2 (Sector cafetería),TROTTER,TER-E-700-380-9,,,EQUIPOS_Images/2872.FOTO.005841.jpg,TERMOS,FUERA CONTRATO
1991,12,TERMO,1004,GIMNASIO TERMO 1 (Al centro de los termos),TROTTER 700 LTS,TER-E-700-380-9,,,,TERMOS,FUERA CONTRATO
2279,16,AIRE ACONDICIONADO,1004,SPLIT18 SALA SERVIDORES,MIDEA,18.000 BTU/ht,20749,,EQUIPOS_Images/2279.FOTO.165132.jpg,EDIFICIO U,TRIMESTRAL
2047,16,AIRE ACONDICIONADO,1004,SPLIT SALA DE REUNIONES,S/M,,,,,EDIFICIO P,TRIMESTRAL
1097,16,AIRE ACONDICIONADO,1004,SPLIT SALA DIRECTOR,S/M,,,,,EDIFICIO P,TRIMESTRAL
1021,16,AIRE ACONDICIONADO,1004,CASSETTE B.2.21,S/M,,,,,LABORATORIO MULTIMEDIA,TRIMESTRAL
1024,16,AIRE ACONDICIONADO,1004,CASSETTE B.2.22,S/M,,,,,LABORATORIO MULTIMEDIA,TRIMESTRAL
2210,16,AIRE ACONDICIONADO,1004,CASSETTE AUDITORIO 2.16 (fondo sala),S/M,,,,,EDIFICIO B,TRIMESTRAL
598,16,AIRE ACONDICIONADO,1004,CASSETTE B.2.16 (ENTRADA SALA),S/M,,,,,EDIFICIO B,TRIMESTRAL
1508,16,AIRE ACONDICIONADO,1005,OF. E. RAMIREZ SPLIT MURO 9.000 BTU/HR,Fujistsu,9.000 btu/hr,,,,OF. ELEUTERIO RAMIREZ,TRIMESTRAL 
2896,16,AIRE ACONDICIONADO,1005,"CAJA, SPLIT MURO, 9.000 BTU/HR",Fujistsu,9.000 btu/hr,,,,EQUIPO CAJA,TRIMESTRAL
2533,16,AIRE ACONDICIONADO,1005,"SALA ATENCION, SPLIT MURO 24.000 BTU/HR",Fujistsu,24.000 btu/hr,,,,SALA DE ATENCION,TRIMESTRAL
1978,16,AIRE ACONDICIONADO,1005,"SEGUNDO PISO, PISO CIELO 24.000 BTU/HR",Fujistsu,24.000 btu/hr,,,,SEGUNDO PISO,TRIMESTRAL
1281,16,AIRE ACONDICIONADO,1005,"OF. A. LATORRE, SPLIT MURO 9.000 BTU/HR",Fujistsu,9.000 btu/hr,,,EQUIPOS_Images/1281.FOTO.194830.jpg,OF. ALMIRANTE LATORRE,TRIMESTRAL
2132,16,AIRE ACONDICIONADO,1005,"OF. S. ALDEA, PISO CIELO 24.000 BTU/HR",Fujistsu,Piso cielo 24.000 btu/hr,,,,OF. SARGENTO ALDEA,TRIMESTRAL
582,16,AIRE ACONDICIONADO,1005,"BÓVEDA, SPLIT MURO 9.000 BTU/HR",Fujistsu,9.000 btu/hr,,,,BÓVEDA,TRIMESTRAL
255,7,EQUIPOS DE FRIO,1006,CAMARA -20,DORIN,H1001CS,S/S,,EQUIPOS_Images/256.FOTO.144936.jpg,CÁMARAS,MENSUAL
257,7,EQUIPOS DE FRIO,1006,CAMARA -18,MANEUROP,NTZ271A4LR1A (ambos mismo modelo),Sin serie,,EQUIPOS_Images/503.FOTO.145047.jpg,CÁMARAS,MENSUAL
258,7,EQUIPOS DE FRIO,1006,CAMARA CONGELADOS MATERIAS PRIMAS,Danfoss,MANEUROP,S/S,,EQUIPOS_Images/503.FOTO.145135.jpg,CÁMARAS,MENSUAL
259,7,EQUIPOS DE FRIO,1006,TUNEL 1,DORIN,K1000CS-02,Sin serie,,EQUIPOS_Images/504.FOTO.145142.jpg,TÚNELES,MENSUAL
260,7,EQUIPOS DE FRIO,1006,TUNEL 2,MANEUROP,LTZ100HW4VE,Sin serie,,EQUIPOS_Images/506.FOTO.145314.jpg,TÚNELES,MENSUAL
261,7,EQUIPOS DE FRIO,1006,TUNEL 3,MANEUROP,NTZ215A4LR1A,Sin serie,,EQUIPOS_Images/507.FOTO.145404.jpg,TÚNELES,MENSUAL
262,7,EQUIPOS DE FRIO,1006,CAMARA DE ENFRIADO,COPELAND SCROLL,ZR72KCTFD522,Sin serie,,EQUIPOS_Images/508.FOTO.145447.jpg,CÁMARAS,MENSUAL
263,7,EQUIPOS DE FRIO,1006,CAMARA MANTENCION MATERIAS PRIMAS,COPELAND,DLGS401EWL000,S/M,,EQUIPOS_Images/505.FOTO.145458.jpg,CÁMARAS,MENSUAL
264,5,EQUIPOS DE FRIO,1006,CAMARA DE FERMENTADO,Sinmag,Infrico,Sin serie,,EQUIPOS_Images/509.FOTO.145558.jpg,CÁMARAS,MENSUAL
265,18,CORTINA DE AIRE,1006,CORTINA DE AIRE ENTRADA HORNOS,MIDEA,Sin modelo,Sin serie,,EQUIPOS_Images/511.FOTO.145714.jpg,CORTINAS DE AIRE,MENSUAL
266,18,CORTINA DE AIRE,1006,CORTINA AIRE ENTRADA SALA ENVASADOS,MIDEA,Sin modelo,Sin serie,,EQUIPOS_Images/512.FOTO.145805.jpg,CORTINAS DE AIRE,MENSUAL
267,7,EQUIPOS DE FRIO,1006,CAMARA SEMI ELABORADOS,MANEUROP,MTZ64HM4BVE,S/M,,EQUIPOS_Images/510.FOTO.145936.jpg,CÁMARAS,MENSUAL
268,7,EQUIPOS DE FRIO,1006,CHILLER 1,Cubigel,Sin modelo,Sin serie,,EQUIPOS_Images/513.FOTO.150639.jpg,CHILLER,MENSUAL
269,7,EQUIPOS DE FRIO,1006,CHILLER 2,CUBIGEL,MS34TB,Sin serie,,EQUIPOS_Images/515.FOTO.150901.jpg,CHILLER,MENSUAL
270,7,EQUIPOS DE FRIO,1006,CONTENEDOR 1 (BODEGA),Saam,Saam,Knlu472622(4),,EQUIPOS_Images/516.FOTO.151221.jpg,CONTENEDORES,DE BAJA
271,7,EQUIPOS DE FRIO,1006,CONTENEDOR 2,HEMPELS INDUSTRIAL PAINT,34722200,539206(7),,EQUIPOS_Images/517.FOTO.151451.jpg,CONTENEDORES,DE BAJA
256,7,EQUIPOS DE FRIO,1007,CAMARA DE CONGELADOS,Arg Refrigeración,Antartica,S/s,,EQUIPOS_Images/257.FOTO.175318.jpg,LABORATORIO GEOLOGÍA,TRIMESTRAL
272,16,AIRE ACONDICIONADO,1008,Aire acondicionado split. Data center general cruz CARRIER,Carrier 18.000 btu/hr,42SS1800,"General cruz, data center",,EQUIPOS_Images/518.FOTO.153243.jpg,GENERAL CRUZ,TRIMESTRAL
273,16,AIRE ACONDICIONADO,1008,Aire acondicionado data Center general cruz KHONE,Khone 48.000 btu/hr,42SS1800,"General cruz, data center",,EQUIPOS_Images/519.FOTO.000413.jpg,GENERAL CRUZ,TRIMESTRAL
274,16,AIRE ACONDICIONADO,1008,Aire acondicionado. SALA l501,Anwo 60.000 btu/hr,GEP69E,"General cruz, L501 Laboratorio",,EQUIPOS_Images/520.FOTO.122335.jpg,GENERAL CRUZ,TRIMESTRAL
275,16,AIRE ACONDICIONADO,1008,Aire acondicionado. SALA L502,Anwo,GEP60E- INT,"General cruz, L502 Laboratorio",,EQUIPOS_Images/521.FOTO.123738.jpg,GENERAL CRUZ,TRIMESTRAL
276,16,AIRE ACONDICIONADO,1008,Aire acondicionado. SALA L505,Anwo 36.000 btu/hr,GEP36E-INT,"General cruz, L505 Laboratorio",,EQUIPOS_Images/522.FOTO.125303.jpg,GENERAL CRUZ,TRIMESTRAL
277,16,AIRE ACONDICIONADO,1008,Aire acondicionado sala de profesor UNICLIMA LAB QUI,Uniclima 9.000 btu/hr,SM09CH410,"General cruz, Laboratorio Química",,EQUIPOS_Images/523.FOTO.001148.jpg,GENERAL CRUZ,TRIMESTRAL
278,16,AIRE ACONDICIONADO,1008,Aire acondicionado LAB QUI N°1,Uniclima 9.000 btu/hr,SM09CH410,"General cruz, Laboratorio Química",,EQUIPOS_Images/524.FOTO.001332.jpg,GENERAL CRUZ,TRIMESTRAL
279,16,AIRE ACONDICIONADO,1008,Aire acondicionado LAB QUI N°2,Uniclima 9.000 btu/hr,SM09CH410,"General cruz, Laboratorio Química",,EQUIPOS_Images/525.FOTO.001513.jpg,GENERAL CRUZ,TRIMESTRAL
280,16,AIRE ACONDICIONADO,1008,Aire acondicionado LAB QUI N°3,Uniclima 12.000 btu/hr,SM012CH410,"General cruz, Laboratorio Química",,EQUIPOS_Images/526.FOTO.001653.jpg,GENERAL CRUZ,TRIMESTRAL
281,16,AIRE ACONDICIONADO,1008,Aire acondicionado Av. Brasil DATA CENTER,Clark  12.000 btu/hr,CSU-12HR1,"Brasil #1786, Data Center",,EQUIPOS_Images/281.FOTO.210736.jpg,AV. BRASIL,TRIMESTRAL
282,16,AIRE ACONDICIONADO,1008,Aire acondicionado Av. Brasil SALA N°13,Norwood 24.000 btu/hr,KFR-72DW,"Brasil #1786, Sala N°13",,EQUIPOS_Images/528.FOTO.002016.jpg,AV. BRASIL,TRIMESTRAL
283,16,AIRE ACONDICIONADO,1008,Aire acondicionado. Av Brasil SALA N°31,Norwood 24.000 btu/hr,KFR-72DW,"Brasil #1786, Sala N°31",,EQUIPOS_Images/283.FOTO.011126.jpg,AV. BRASIL,TRIMESTRAL
697F5146,16,AIRE ACONDICIONADO,1009,VEX DECOMISO,S&P,TD-2000,-,,EQUIPOS_Images/697F5146.FOTO.154124.jpg,RECURSOS FISICOS,TRIMESTRAL
038A09F6,16,AIRE ACONDICIONADO,1009,VEX DECOMISO (entrando lado derecho),S&P,TD-2000,"CAJA PORTAFILTRO, FILTRO HEPA",,EQUIPOS_Images/038A09F6.FOTO.020211.jpg,RECURSOS FISICOS,TRIMESTRAL
B36A860E,16,AIRE ACONDICIONADO,1009,SPLIT MURO DECOMISO (DE BAJA),KHÖNE,AS-30HR4FUL,27000 BTU,,EQUIPOS_Images/B36A860E.FOTO.030023.jpg,RECURSOS FISICOS,DE BAJA
BED450AE,16,AIRE ACONDICIONADO,1009,SPLIT MURO COMEDOR (FUERA DE PLAN DE MANTENCION),KHÖNE,AS-30HR4FUL,27000 BTU,,EQUIPOS_Images/BED450AE.FOTO.181738.jpg,RECURSOS FISICOS,FUERA CONTRATO
8757D558,16,AIRE ACONDICIONADO,1009,SPLIT MURO ABASTECIMIENTO (FUERA DE PLAN DE MANTENCION),KHÖNE,AS-30HR4FUL,27000 BTU,,EQUIPOS_Images/8757D558.FOTO.210453.jpg,RECURSOS FISICOS,DE BAJA
AF5168DE,16,AIRE ACONDICIONADO,1009,SPLIT MURO ABASTECIMIENTO (FUERA DE PLAN MANTENCION),KHÖNE,AS-30HR4FUL,27000 BTU,,EQUIPOS_Images/AF5168DE.FOTO.210744.jpg,RECURSOS FISICOS,DE BAJA
C7F426D2,16,AIRE ACONDICIONADO,1009,SPLIT MURO MOVILIZACION,KHÖNE,AS-30HR4FUL,27000 BTU,,EQUIPOS_Images/C7F426D2.FOTO.180929.jpg,RECURSOS FISICOS,TRIMESTRAL 
8534BC47,16,AIRE ACONDICIONADO,1009,OFICINA GESTION OPERACIONES MULTI SPLIT,MULTI SPLIT ANWO,GES09EI-INT-FM,9000 BTU,,EQUIPOS_Images/8534BC47.FOTO.193542.jpg,RECURSOS FISICOS,TRIMESTRAL
377D27CE,16,AIRE ACONDICIONADO,1009,JEFATURA MULTI SPLIT,ANWO,GES09EI-INT-FM,9000 BTU,,EQUIPOS_Images/377D27CE.FOTO.193608.jpg,RECURSOS FISICOS,TRIMESTRAL
3F4C7EEA,19,AIRE ACONDICIONADO,1009,VEX MTTO (mantenimiento),S&P,-,-,,EQUIPOS_Images/3F4C7EEA.FOTO.161920.jpg,RECURSOS FISICOS,TRIMESTRAL
D6D1A463,19,AIRE ACONDICIONADO,1009,VEX CROSB,S&P,CBM-9/9 122 6P C VR,-,,EQUIPOS_Images/D6D1A463.FOTO.134746.jpg,CROSB,TRIMESTRAL
9B9EC8D0,16,AIRE ACONDICIONADO,1009,BOX 1,KENDAL,I2-ASM12MDS,12.000 BTU,,EQUIPOS_Images/9B9EC8D0.FOTO.130046.jpg,CROSB,TRIMESTRAL
545F7E8C,16,AIRE ACONDICIONADO,1009,BOX 2,NORWOOD,NW-12HRE,12.000 BTU,,EQUIPOS_Images/545F7E8C.FOTO.130414.jpg,CROSB,TRIMESTRAL
2A3A5334,16,AIRE ACONDICIONADO,1009,BOX 3,KENDAL,I2-ASM12MDS,12.000 BTU,,EQUIPOS_Images/2A3A5334.FOTO.130452.jpg,CROSB,TRIMESTRAL
3EA01CC6,16,AIRE ACONDICIONADO,1009,BOX 6,KENDAL,I2-ASM12MDS,12.000 BTU,,EQUIPOS_Images/3EA01CC6.FOTO.130547.jpg,CROSB,TRIMESTRAL
1E09CC32,16,AIRE ACONDICIONADO,1009,BOX 5,KENDAL,I2-ASM12MDS,12.000 BTU,,EQUIPOS_Images/1E09CC32.FOTO.130656.jpg,CROSB,TRIMESTRAL
F78D60C1,16,AIRE ACONDICIONADO,1009,BOX 7,KENDAL,I2-ASM-12MDS UE,9.000 BTU,,EQUIPOS_Images/F78D60C1.FOTO.130741.jpg,CROSB,TRIMESTRAL
70F3F5CB,16,AIRE ACONDICIONADO,1009,BOX 9,KENDAL,I2-ASM-09MDS UE,12.000 BTU,,EQUIPOS_Images/70F3F5CB.FOTO.130824.jpg,CROSB,TRIMESTRAL
0A867C57,16,AIRE ACONDICIONADO,1009,BOX 10,KENDAL,I2-ASM-09MDS,9.000 BTU,,EQUIPOS_Images/0A867C57.FOTO.131007.jpg,CROSB,TRIMESTRAL
BE82057A,16,AIRE ACONDICIONADO,1009,BOX 8,KENDAL,I2-ASM-09MDS,9.000 BTU,,EQUIPOS_Images/BE82057A.FOTO.131053.jpg,CROSB,TRIMESTRAL
55BD3595,16,AIRE ACONDICIONADO,1009,OF. DIRECCIÓN,KENDAL,I2-ASM-09MDS,9.000 BTU,,EQUIPOS_Images/55BD3595.FOTO.131507.jpg,CROSB,TRIMESTRAL
ADE8F36A,16,AIRE ACONDICIONADO,1009,BOX 4,KENDAL,I2-ASM-09MDS,9.000 BTU,,EQUIPOS_Images/ADE8F36A.FOTO.131712.jpg,CROSB,TRIMESTRAL
18B97393,16,AIRE ACONDICIONADO,1009,PABELLON,ANWO,GEC18E-INV-N2,17.000 BTU,,EQUIPOS_Images/18B97393.FOTO.132059.jpg,CROSB,TRIMESTRAL
28E9B634,16,AIRE ACONDICIONADO,1009,BOX 11,KENDAL,I2-ASM-09MDS,9.000 BTU,,EQUIPOS_Images/28E9B634.FOTO.165818.jpg,CROSB,TRIMESTRAL
240A215E,16,AIRE ACONDICIONADO,1009,BODEGA INSUMOS,ANWO,GES9E-INT,9.000 BTU,,EQUIPOS_Images/240A215E.FOTO.131945.jpg,CROSB,TRIMESTRAL
6BC79553,19,AIRE ACONDICIONADO,1009,VIN CROSB,SODECA,"CJDXR-250-1,5","CAJA PORTAFILTRO, FILTRO HEPA, DESECHABLE Y LAVABLE",,EQUIPOS_Images/6BC79553.FOTO.162949.jpg,CROSB,TRIMESTRAL
2817BF25,19,AIRE ACONDICIONADO,1009,VEX CROSB,SODECA,"CJBX-15/15-15-1,5",-,,EQUIPOS_Images/2817BF25.FOTO.163437.jpg,CROSB,TRIMESTRAL
22D30DCB,19,AIRE ACONDICIONADO,1009,VEX CROSB,S&P,NEOLINIO,ESTERILIZACIÓN,,EQUIPOS_Images/22D30DCB.FOTO.193530.jpg,CROSB,TRIMESTRAL
1B7E35A3,16,AIRE ACONDICIONADO,1009,RAYOS X,ANWO,GES9ECO-INV-N,12.000 BTU,,EQUIPOS_Images/1B7E35A3.FOTO.200556.jpg,CROSB,TRIMESTRAL
EEFAF754,16,AIRE ACONDICIONADO,1009,SALON (DOS),ANWO,GES18E-INV,5000 W,,EQUIPOS_Images/EEFAF754.FOTO.200526.jpg,CLUB DE CAMPO,TRIMESTRAL
5998BD34,16,AIRE ACONDICIONADO,1009,OFICINA (Nro 4),ANWO,GES18E-INV,5000 W,,EQUIPOS_Images/5998BD34.FOTO.201027.jpg,CLUB DE CAMPO,TRIMESTRAL
63BCE3AC,16,AIRE ACONDICIONADO,1009,BODEGA ( Nro 3),ANWO,GES18E-INV,5000 W,,EQUIPOS_Images/63BCE3AC.FOTO.201048.jpg,CLUB DE CAMPO,TRIMESTRAL
F943EEE9,16,AIRE ACONDICIONADO,1009,SALON (UNO),ANWO,GES18E-INV,5000 W,,EQUIPOS_Images/F943EEE9.FOTO.201110.jpg,CLUB DE CAMPO,TRIMESTRAL
A8E8E6EB,16,AIRE ACONDICIONADO,1009,SPLIT CESAM,ANWO,GES9E-INV,2.60 KW,,EQUIPOS_Images/A8E8E6EB.FOTO.141116.jpg,CESAM CONCON,TRIMESTRAL
aab69a8d,16,AIRE ACONDICIONADO,1009,SPLIT MURO LABORATORIO DECOMISO,MIDEA,22.000 btu/hr,Inverter quattro,,EQUIPOS_Images/aab69a8d.FOTO.134123.jpg,RECURSOS FISICOS,TRIMESTRAL
2211,16,AIRE ACONDICIONADO,1009,SPLIT MURO DECOMISO,Midea 18.000,,Inverter quattro,,EQUIPOS_Images/2211.FOTO.134454.jpg,RECURSOS FISICOS,TRIMESTRAL
CF8753EF,16,AIRE ACONDICIONADO,1010,ENDOSCOPIA CAE (UMA),YORK,UMA,60000 R410,,EQUIPOS_Images/CF8753EF.FOTO.150222.jpg,,TRIMESTRAL
A13C4116,16,AIRE ACONDICIONADO,1010,LABORATORIO (UMA),CARRIER,127.088,R22,,EQUIPOS_Images/A13C4116.FOTO.220411.jpg,,TRIMESTRAL
0B190344,16,AIRE ACONDICIONADO,1010,PABELLÓN 2(UMA),NO,BN-2032,R22,,EQUIPOS_Images/0B190344.FOTO.142915.jpg,PABELLON,TRIMESTRAL
BF19986F,16,AIRE ACONDICIONADO,1010,PABELLÓN 1 (UMA),NO,BN-2033,R22,,EQUIPOS_Images/BF19986F.FOTO.143019.jpg,PABELLON,TRIMESTRAL
99C328A8,16,AIRE ACONDICIONADO,1010,POST OPERATORIO (UMA),NO,BN-2034,R22,,EQUIPOS_Images/99C328A8.FOTO.143543.jpg,,TRIMESTRAL
71DCBD3B,16,AIRE ACONDICIONADO,1010,PABELLÓN 4 (UMA),LG,ABUW24GM1S1,24000 R410A,,EQUIPOS_Images/71DCBD3B.FOTO.143319.jpg,PABELLON,TRIMESTRAL
F0DC80E5,16,AIRE ACONDICIONADO,1010,PABELLÓN 3 (UMA),NO,BN-2036,R410A,,EQUIPOS_Images/F0DC80E5.FOTO.143437.jpg,PABELLON,TRIMESTRAL
6BB3276D,16,AIRE ACONDICIONADO,1010,PABELLON RECIEN NACIDOS (TIPO DUCTO),ANWO,BN-2040,18000 R410A,,EQUIPOS_Images/6BB3276D.FOTO.143733.jpg,PABELLON,TRIMESTRAL
0B82262F,16,AIRE ACONDICIONADO,1010,UPC UCI (UMA),LENNOX,BN-2037,48000 R410,,EQUIPOS_Images/0B82262F.FOTO.182137.jpg,UCI,TRIMESTRAL
78C1A565,16,AIRE ACONDICIONADO,1010,DIGITADORA GES CAE,CARRIER,BN-2025,12000 R22,,EQUIPOS_Images/78C1A565.FOTO.220130.jpg,CAE,TRIMESTRAL
BD523C77,16,AIRE ACONDICIONADO,1010,DIGITADORA GES CAE,CARRIER,BN-2026,12000 R22,,EQUIPOS_Images/BD523C77.FOTO.220142.jpg,CAE,TRIMESTRAL
7FF2EB0A,16,AIRE ACONDICIONADO,1010,AIRE ACONDICIONADO BOX 1 CAE,CARRIER,6608,12000 R22,,EQUIPOS_Images/7FF2EB0A.FOTO.215720.jpg,CAE,TRIMESTRAL
EC4C5284,16,AIRE ACONDICIONADO,1010,AIRE ACONDICIONADO BOX 3  CAE,CARRIER,6610,12000 R22,,EQUIPOS_Images/EC4C5284.FOTO.215732.jpg,CAE,TRIMESTRAL
C351FA4D,16,AIRE ACONDICIONADO,1010,BOX 32 CONTENEDOR DENTAL CAE,UNICLIMA,,9000 R410A,,EQUIPOS_Images/C351FA4D.FOTO.215745.jpg,CAE,TRIMESTRAL
09758F67,16,AIRE ACONDICIONADO,1010,BOX 33 CONTENEDOR DENTAL CAE,UNICLIMA,,9000 R410A,,EQUIPOS_Images/09758F67.FOTO.215804.jpg,CAE,TRIMESTRAL
FC8E9705,16,AIRE ACONDICIONADO,1010,BOX 34 CONTENEDOR DENTAL CAE,UNICLIMA,,9000 R410A,,EQUIPOS_Images/FC8E9705.FOTO.215822.jpg,CAE,TRIMESTRAL
B32BF71A,16,AIRE ACONDICIONADO,1010,BOX 35 CONTENEDOR DENTAL CAE,UNICLIMA,,9000 R410A,,EQUIPOS_Images/B32BF71A.FOTO.215837.jpg,CAE,TRIMESTRAL
61793847,16,AIRE ACONDICIONADO,1010,BOX 36 CONTENEDOR DENTAL CAE,UNICLIMA,,9000 R410A,,EQUIPOS_Images/61793847.FOTO.215856.jpg,CAE,TRIMESTRAL
DEF5678F,16,AIRE ACONDICIONADO,1010,BOX 37 CONTENEDOR DENTAL CAE,UNICLIMA,,9000 R410A,,EQUIPOS_Images/DEF5678F.FOTO.215916.jpg,CAE,TRIMESTRAL
87272F29,16,AIRE ACONDICIONADO,1010,BOX CONTENEDOR OFTALMOLOGÍA,KHONE,,9000 R410A,,EQUIPOS_Images/87272F29.FOTO.215929.jpg,,TRIMESTRAL
204C1513,16,AIRE ACONDICIONADO,1010,FARMACIA CONSULTORIO CAE,KENDAL,11800,18000 R410A,,EQUIPOS_Images/204C1513.FOTO.130738.jpg,CAE,TRIMESTRAL
0846F2C6,16,AIRE ACONDICIONADO,1010,FARMACIA CENTRAL URGENCIA,MCQUAY,11768,18000 R410,,EQUIPOS_Images/0846F2C6.FOTO.220231.jpg,,TRIMESTRAL
97B3A426,16,AIRE ACONDICIONADO,1010,A/A FARMACIA BODEGA CENTRAL,MCQUAY,11766,24000 R410,,EQUIPOS_Images/97B3A426.FOTO.220201.jpg,FARMACIA BODEGA CENTRAL,TRIMESTRAL
7F37C97B,16,AIRE ACONDICIONADO,1010,A/A FARMACIA BODEGA CENTRAL,MCQUAY,11767,24000 R410,,EQUIPOS_Images/7F37C97B.FOTO.220217.jpg,FARMACIA BODEGA CENTRAL,TRIMESTRAL
167F2DAF,16,AIRE ACONDICIONADO,1010,INFORMÁTICA (SALA SERVIDORES),KENDAL,11622,24000 R410,,EQUIPOS_Images/167F2DAF.FOTO.220311.jpg,INFORMATICA,TRIMESTRAL
FDF73EAC,16,AIRE ACONDICIONADO,1010,INFORMÁTICA (SALA SERVIDORES),NORWOOD,BN - 2029,24000 R410,,EQUIPOS_Images/FDF73EAC.FOTO.220325.jpg,INFORMATICA,TRIMESTRAL
F161C57D,16,AIRE ACONDICIONADO,1010,UMT,TRANE,9473,18000 R410,,EQUIPOS_Images/F161C57D.FOTO.140414.jpg,UMT,TRIMESTRAL
982A1FC7,16,AIRE ACONDICIONADO,1010,URGENCIA PEDIATRÍA,KENDAL,,18000 R410,,EQUIPOS_Images/982A1FC7.FOTO.220646.jpg,,TRIMESTRAL
8B685708,16,AIRE ACONDICIONADO,1010,URGENCIA PEDIATRÍA. (SALA ESPERA CONTENEDOR),MIDEA,,9000 R410,,EQUIPOS_Images/8B685708.FOTO.220657.jpg,,TRIMESTRAL
A5ADECB2,16,AIRE ACONDICIONADO,1010,SALA MÚLTIPLE CMA,HVAC,BN - 2016,24000 R22,,EQUIPOS_Images/A5ADECB2.FOTO.220552.jpg,,TRIMESTRAL
9D94EA3A,16,AIRE ACONDICIONADO,1010,HOSPITALIZACIÓN DOMICILIARIA,MIDEA,,9000 R410,,EQUIPOS_Images/9D94EA3A.FOTO.220245.jpg,,TRIMESTRAL
297AF484,16,AIRE ACONDICIONADO,1010,HOSPITALIZACIÓN DOMICILIARIA,MIDEA,,9000 R410,,EQUIPOS_Images/297AF484.FOTO.220257.jpg,,TRIMESTRAL
C240A4C4,16,AIRE ACONDICIONADO,1010,LABORATORIO,ANWO,BN-2022,12000 R410,,,LABORATORIO,TRIMESTRAL
C06E93F6,16,AIRE ACONDICIONADO,1010,LABORATORIO,ANWO,BN-2023,12000 R410,,,LABORATORIO,TRIMESTRAL
87EB1F0A,16,AIRE ACONDICIONADO,1010,LABORATORIO,NORWOOD,BN-2038,24000 R410,,,LABORATORIO,TRIMESTRAL
D9184304,16,AIRE ACONDICIONADO,1010,LABORATORIO,TRANE,BN-2039,24000 R22,,,LABORATORIO,TRIMESTRAL
CA72DCA0,16,AIRE ACONDICIONADO,1010,LABORATORIO,KENDAL,,9000 R410,,EQUIPOS_Images/CA72DCA0.FOTO.142129.jpg,LABORATORIO,TRIMESTRAL
E01B6D11,16,AIRE ACONDICIONADO,1010,SEDILE (EQUIPO VENTANA),CLARK,,12000 R410,,EQUIPOS_Images/E01B6D11.FOTO.220603.jpg,SEDILE,TRIMESTRAL
E51BFD7E,16,AIRE ACONDICIONADO,1010,SEDILE (EQUIPO VENTANA),CLARK,,12000 R410,,EQUIPOS_Images/E51BFD7E.FOTO.220615.jpg,SEDILE,TRIMESTRAL
DF6342F6,16,AIRE ACONDICIONADO,1010,SALA DE RAYOS 1,MCQUAY,11770,24000 R410,,EQUIPOS_Images/DF6342F6.FOTO.161531.jpg,RAYOS,TRIMESTRAL
68877DF7,16,AIRE ACONDICIONADO,1010,IMAGENOLOGÍA SALA 3 ECOTOMOGRAFÍA,CARRIER,6560,12000 R410,,EQUIPOS_Images/68877DF7.FOTO.155337.jpg,,TRIMESTRAL
9884FB9F,16,AIRE ACONDICIONADO,1010,SALA DE RAYOS SCANNER,MIDEA,BN - 2065,60000 R410,,EQUIPOS_Images/9884FB9F.FOTO.135859.jpg,RAYOS SCANNER,TRIMESTRAL
DF0E97FE,16,AIRE ACONDICIONADO,1010,OFICINA RAYOS SCANNER,CLARK,11799,18000 R410,,EQUIPOS_Images/DF0E97FE.FOTO.143326.jpg,RAYOS  SCANNER (OF.),TRIMESTRAL
E7803ABC,16,AIRE ACONDICIONADO,1010,SALA ECOCARDIO (CMA),ANWO,,12000 R410,,EQUIPOS_Images/E7803ABC.FOTO.172542.jpg,ECOCARDIO,TRIMESTRAL
251B17A2,16,AIRE ACONDICIONADO,1010,ROPERÍA (LAVANDERÍA),KENDAL,11819,18000 R410,,EQUIPOS_Images/251B17A2.FOTO.220524.jpg,,TRIMESTRAL
B1D48945,16,AIRE ACONDICIONADO,1010,ROPERÍA (LAVANDERÍA),KENDAL,11820,24000 R410,,EQUIPOS_Images/B1D48945.FOTO.220535.jpg,,TRIMESTRAL
5B4EBB2B,16,AIRE ACONDICIONADO,1010,UNIDAD PROGRAMA HUMANIZADORES,ANWO,11818,9000 R410,,EQUIPOS_Images/5B4EBB2B.FOTO.154536.jpg,,TRIMESTRAL
79DE2169,16,AIRE ACONDICIONADO,1010,CONTAINER CONDUCTORES,KENDAL,,9000 R410,,EQUIPOS_Images/79DE2169.FOTO.220012.jpg,CONTENEDOR,TRIMESTRAL
3AD8EEF7,16,AIRE ACONDICIONADO,1010,REANIMACIÓN URGENCIA,KENDAL,,12000 R410,,EQUIPOS_Images/3AD8EEF7.FOTO.220505.jpg,,TRIMESTRAL
FEDB707B,16,AIRE ACONDICIONADO,1010,CIRUGÍA TERCER PISO,KENDAL,BN-776,24000 R410,,EQUIPOS_Images/FEDB707B.FOTO.182652.jpg,,TRIMESTRAL
EA7B7B05,16,AIRE ACONDICIONADO,1010,ESTERILIZACIÓN,KENDAL,,18000 R410,,EQUIPOS_Images/EA7B7B05.FOTO.151401.jpg,ESTERILIZACIÓN,TRIMESTRAL
F22012C1,16,AIRE ACONDICIONADO,1010,ESTERILIZACIÓN,KENDAL,,12000 R410,,EQUIPOS_Images/F22012C1.FOTO.151144.jpg,ESTERILIZACIÓN,TRIMESTRAL
81B3F66E,16,AIRE ACONDICIONADO,1010,ESTERILIZACIÓN (AUTOCLAVES),KENDAL,,24000 R410,,EQUIPOS_Images/81B3F66E.FOTO.152011.jpg,ESTERILIZACIÓN,TRIMESTRAL
8111358F,16,AIRE ACONDICIONADO,1010,ESTERILIZACIÓN (EQ.STERRAD),KENDAL,,24000 R410,,EQUIPOS_Images/8111358F.FOTO.135837.jpg,ESTERILIZACIÓN,TRIMESTRAL
1200,16,AIRE ACONDICIONADO,1010,COMEDOR,CLARK,,24000 R410,,EQUIPOS_Images/6889120D.FOTO.215947.jpg,COMEDOR,TRIMESTRAL
3CD290B6,16,AIRE ACONDICIONADO,1010,COMEDOR,CLARK,,12000 R410,,EQUIPOS_Images/3CD290B6.FOTO.215957.jpg,COMEDOR,TRIMESTRAL
42D813A1,16,AIRE ACONDICIONADO,1010,JARDIN INFANTIL,MIDEA,,9000 R410,,EQUIPOS_Images/42D813A1.FOTO.190701.jpg,,TRIMESTRAL
334A739A,16,AIRE ACONDICIONADO,1010,JARDIN INFANTIL,OCEAN,,12000 R410,,EQUIPOS_Images/334A739A.FOTO.190434.jpg,,TRIMESTRAL
36F00E86,16,AIRE ACONDICIONADO,1010,SALA FRENTE MULTICANCHA (UPEM),MIDEA,,12000 R410,,EQUIPOS_Images/36F00E86.FOTO.152918.jpg,UPEM (Frente multi cancha),TRIMESTRAL
FC96944D,16,AIRE ACONDICIONADO,1010,LOGÍSTICA DE SUMINISTROS,S/M,,24000 R410,,EQUIPOS_Images/FC96944D.FOTO.220425.jpg,,TRIMESTRAL
160DB5AC,16,AIRE ACONDICIONADO,1010,CONTAINER EMERGENCIAS B (Ex-SAUD),KENDAL,,9000 R410,,EQUIPOS_Images/160DB5AC.FOTO.220031.jpg,CONTENEDOR,TRIMESTRAL
2B7294CB,16,AIRE ACONDICIONADO,1010,CONTAINER EMERGENCIAS B (Ex-SAUD),KENDAL,,9000 R410,,EQUIPOS_Images/2B7294CB.FOTO.220043.jpg,CONTENEDOR,TRIMESTRAL
4323D22F,16,AIRE ACONDICIONADO,1010,CONTAINER EMERGENCIAS B (Ex-SAUD),KENDAL,,9000 R410,,EQUIPOS_Images/4323D22F.FOTO.220055.jpg,CONTENEDOR,TRIMESTRAL
41AC73CB,16,AIRE ACONDICIONADO,1010,SECRETARIA ADMISIÓN URGENCIA,CLARK,,18000 R410,,EQUIPOS_Images/41AC73CB.FOTO.142823.jpg,,TRIMESTRAL
8689BC08,16,AIRE ACONDICIONADO,1010,CONTAINER OFTALMOLOGÍA CAE,KHONE,,9000 R410,,EQUIPOS_Images/8689BC08.FOTO.220111.jpg,CAE,TRIMESTRAL
C2D25E71,16,AIRE ACONDICIONADO,1010,UCI (PASILLO),KENDAL,,24000 R410,,EQUIPOS_Images/C2D25E71.FOTO.220630.jpg,UCI,TRIMESTRAL
3CEA6055,16,AIRE ACONDICIONADO,1010,OFICINA JEFE FARMACIA,CLARK,,9000 R410,,EQUIPOS_Images/3CEA6055.FOTO.154010.jpg,,TRIMESTRAL
B2089204,16,AIRE ACONDICIONADO,1010,LICITACIONES (CONTENEDOR),KENDAL,,9000 R410,,EQUIPOS_Images/B2089204.FOTO.151034.jpg,CONTENEDOR,TRIMESTRAL
4263AE36,16,AIRE ACONDICIONADO,1010,PROYECTOS (CONTENEDOR),KENDAL,,9000 R410,,EQUIPOS_Images/4263AE36.FOTO.150829.jpg,CONTENEDOR,TRIMESTRAL
1BAD49EC,16,AIRE ACONDICIONADO,1010,AUDITORÍA (CONTENEDOR),SHOOT,,9000 R410,,EQUIPOS_Images/1BAD49EC.FOTO.151520.jpg,CONTENEDOR,TRIMESTRAL
796F7C98,7,EQUIPOS DE FRIO,1010,REFRIGERADOR REPOSTERO OBSTETRICIA,MADEMSA,6222,1 PTA R12,,EQUIPOS_Images/796F7C98.FOTO.182211.jpg,REFRIGERADORES,TRIMESTRAL
DB5BE254,7,EQUIPOS DE FRIO,1010,REFRIGERADOR PEDIATRÍA SALAS,MADEMSA,8254,2 PTA 134 A,,EQUIPOS_Images/DB5BE254.FOTO.220440.jpg,REFRIGERADORES,TRIMESTRAL
052C3EC6,7,EQUIPOS DE FRIO,1010,REFRIGERADOR ALIMENTACIÓN [POSTRES (30)],MAIGAS,9627,2 PTA 134 A,,EQUIPOS_Images/052C3EC6.FOTO.181829.jpg,REFRIGERADORES,TRIMESTRAL
AA3FB0E0,7,EQUIPOS DE FRIO,1010,REFRIGERADOR ALIMENTACIÓN (FENSA PLOMO),FENSA,10075,2 PTA 134 A,,EQUIPOS_Images/AA3FB0E0.FOTO.181812.jpg,REFRIGERADORES,TRIMESTRAL
012D188E,7,EQUIPOS DE FRIO,1010,REFRIGERADOR ALIMENTACIÓN (RIMASA (31)),MAIGAS,7848,1 PTA 134 A,#REF!,EQUIPOS_Images/012D188E.FOTO.181842.jpg,REFRIGERADORES,TRIMESTRAL
435E26A0,7,EQUIPOS DE FRIO,1010,REFRIGERADOR REPOSTERO MEDICINA,MADEMSA,8580,134 A,,EQUIPOS_Images/435E26A0.FOTO.182144.jpg,REFRIGERADORES,TRIMESTRAL
5E67C658,7,EQUIPOS DE FRIO,1010,REFRIGERADOR REPOSTERO CIRUGÍA,MADEMSA,11775,R600,,EQUIPOS_Images/5E67C658.FOTO.182119.jpg,REFRIGERADORES,TRIMESTRAL
3003134D,7,EQUIPOS DE FRIO,1010,REFRIGERADOR BODEGA FARMACIA,MIMET,dic-82,2 PTA 134 A,,EQUIPOS_Images/3003134D.FOTO.182007.jpg,FARMACIA BODEGA CENTRAL,TRIMESTRAL
38C87622,7,EQUIPOS DE FRIO,1010,REFRIGERADOR BODEGA FARMACIA,MAIGAS,,2 PTA 134 A,,EQUIPOS_Images/38C87622.FOTO.182020.jpg,FARMACIA BODEGA CENTRAL,TRIMESTRAL
D9A346D0,7,EQUIPOS DE FRIO,1010,REFRIGERADOR BODEGA FARMACIA,ARCTIKO,,1 PTA 134 A,,EQUIPOS_Images/D9A346D0.FOTO.182031.jpg,FARMACIA BODEGA CENTRAL,TRIMESTRAL
AA836277,7,EQUIPOS DE FRIO,1010,REFRIGERADOR BODEGA FARMACIA,VESTFROST,,HORIZONTAL R12,,EQUIPOS_Images/AA836277.FOTO.182047.jpg,FARMACIA BODEGA CENTRAL,TRIMESTRAL
201847ED,7,EQUIPOS DE FRIO,1010,REFRIGERADOR PEDIATRÍA SALAS,MADEMSA,,1 PTA 134 A,,EQUIPOS_Images/201847ED.FOTO.220452.jpg,REFRIGERADORES,TRIMESTRAL
509C67F5,7,EQUIPOS DE FRIO,1010,REFRIGERADOR ALIMENTACIÓN,VENTUS,,3 PTAS 134 A,,EQUIPOS_Images/509C67F5.FOTO.181556.jpg,REFRIGERADORES,TRIMESTRAL
A82822E2,7,EQUIPOS DE FRIO,1010,REFRIGERADOR ALIMENTACIÓN,GALVAC,12-12076,3 PTAS 134 A,,EQUIPOS_Images/A82822E2.FOTO.181631.jpg,REFRIGERADORES,TRIMESTRAL
EB4C9BB7,7,EQUIPOS DE FRIO,1010,REFRIGERADOR ALIMENTACIÓN,FENSA,,2 PTA 134 A,,EQUIPOS_Images/EB4C9BB7.FOTO.181659.jpg,REFRIGERADORES,TRIMESTRAL
D15EEA45,7,EQUIPOS DE FRIO,1010,REFRIGERADOR ALIMENTACIÓN (VERTICAL),VENTUS,12-11980,- R600,,EQUIPOS_Images/D15EEA45.FOTO.181821.jpg,REFRIGERADORES,TRIMESTRAL
CAB89CA3,7,EQUIPOS DE FRIO,1010,CAMARA MORGUE,ZANOTTI,,3PTAS R134 A,,EQUIPOS_Images/CAB89CA3.FOTO.144644.jpg,CAMARA MORGUE,TRIMESTRAL
32884b63,16,AIRE ACONDICIONADO,1010,LABORATORIO,IKA smartcool,21FH12,,,EQUIPOS_Images/32884b63.FOTO.154136.jpg,LABORATORIO,TRIMESTRAL
753c4f0d,16,AIRE ACONDICIONADO,1010,LICITACIÓN (CONTENEDOR) 2,Kendal,,,,EQUIPOS_Images/753c4f0d.FOTO.172825.jpg,CONTENEDOR,TRIMESTRAL
49e0f51b,7,EQUIPOS DE FRIO,1011,CONGELADOR 3,Turbo air,CTSF-49SD,,,EQUIPOS_Images/49e0f51b.FOTO.172436.jpg,SALA DE REFRIGERADORES,TRIMESTRAL
5885950a,7,EQUIPOS DE FRIO,1011,CONGELADOR 4,Famava,Vf2ps-1400E,,,EQUIPOS_Images/5885950a.FOTO.172602.jpg,SALA DE REFRIGERADORES,TRIMESTRAL
bdbaa38b,7,EQUIPOS DE FRIO,1011,CONGELADOR 5,Famava,Vr2ps-1400E,,,EQUIPOS_Images/bdbaa38b.FOTO.172709.jpg,SALA DE REFRIGERADORES,TRIMESTRAL
3ff30272,7,EQUIPOS DE FRIO,1011,CONGELADOR 6,Turbo air,,,,EQUIPOS_Images/3ff30272.FOTO.204841.jpg,SALA DE REFRIGERADORES,TRIMESTRAL
98bcbd0a,7,EQUIPOS DE FRIO,1011,CONGELADOR 9,Ventus,Vr2ps-1400E,,,EQUIPOS_Images/98bcbd0a.FOTO.172929.jpg,SALA DE REFRIGERADORES,TRIMESTRAL
63620760,7,EQUIPOS DE FRIO,1011,CONGELADOR 10,Ventus,Vr2ps-1-1400E,,,EQUIPOS_Images/63620760.FOTO.173041.jpg,SALA DE REFRIGERADORES,TRIMESTRAL
b211f1db,7,EQUIPOS DE FRIO,1011,MANTENEDOR 11 (UNA PUERTA),ROHS,YBL9313,,,EQUIPOS_Images/b211f1db.FOTO.172651.jpg,SALA DE REFRIGERADORES,TRIMESTRAL
d3e22c33,7,EQUIPOS DE FRIO,1011,MANTENEDOR 1 (CUATRO PUERTAS),S/M,,,,EQUIPOS_Images/d3e22c33.FOTO.173621.jpg,SALA DE REFRIGERADORES,TRIMESTRAL
484,7,EQUIPOS DE FRIO,1012,MANTENEDOR ROHS,Rohs,QB1.0L4,S/S,,EQUIPOS_Images/484.FOTO.145711.jpg,CASA HUÉSPEDES,TRIMESTRAL
2953,7,EQUIPOS DE FRIO,1012,CONGELADOR DOS PUERTAS,DAEWOO,FRS-Q522DA,,,EQUIPOS_Images/2953.FOTO.151340.jpg,CASA HUÉSPEDES,TRIMESTRAL
460,7,EQUIPOS DE FRIO,1012,COOLER UNA PUERTA,LG,LG-2502459,S/S,,EQUIPOS_Images/460.FOTO.161930.jpg,CASA HUÉSPEDES,TRIMESTRAL
1961,7,EQUIPOS DE FRIO,1013,CAMARA MANTENCION,S/M,,,,,NOVOTEL,TRIMESTRAL
2835,7,EQUIPOS DE FRIO,1015,Congelador dos puertas cocina piso 14,BOZZO,,,,EQUIPOS_Images/2835.FOTO.004603.jpg,CONGELADORES,TRIMESTRAL
1989,7,EQUIPOS DE FRIO,1015,Mantenedor repostero primer piso,Maigas,,,,EQUIPOS_Images/1989.FOTO.013556.jpg,MANTENEDOR,TRIMESTRAL
2761,7,EQUIPOS DE FRIO,1016,CÁMARA MANTENCION 7,DANFOSS,NTZ136A4LR1A,CB1006386494,,EQUIPOS_Images/2761.FOTO.155105.jpg,PATIO TRASERO ENREJADO,TRIMESTRAL
2506,7,EQUIPOS DE FRIO,1016,ANTECAMARA 11,S/M,,,,EQUIPOS_Images/2506.FOTO.143229.jpg,ANTECAMARA,TRIMESTRAL
583,7,EQUIPOS DE FRIO,1016,CAMARA CONGELADOS EQUIPO CINCO,TECHNOBLOCK,VTK1000YRM,103154,,EQUIPOS_Images/583.FOTO.154437.jpg,PATIO TRASERO,TRIMESTRAL
2978,7,EQUIPOS DE FRIO,1016,CÁMARA MANTENCION DOS EQUIPO 4,HISPANIA,HUC4502Z03,150307047,,EQUIPOS_Images/2978.FOTO.155829.jpg,PATIO TRASERO,TRIMESTRAL
1555,7,EQUIPOS DE FRIO,1016,CÁMARA MANTENCION UNO EQUIPO 9,Danfoss,NTZ136A4LR1B,,,EQUIPOS_Images/1555.FOTO.153736.jpg,LADO CALLE,TRIMESTRAL
2108,7,EQUIPOS DE FRIO,1016,CAMARA CONGELADOS EQUIPO SEIS,TECHNOBLOCK,VTK1000YRM,1031555,,EQUIPOS_Images/2108.FOTO.152637.jpg,PATIO TRASERO ENREJADO,TRIMESTRAL
473,7,EQUIPOS DE FRIO,1016,CAMARA MANTENCION UNO EQUIPO 10,Danfoss,NTZ136A4LR1A,,,EQUIPOS_Images/473.FOTO.153849.jpg,LADO CALLE,TRIMESTRAL
2943,7,EQUIPOS DE FRIO,1016,CÁMARA MANTENCION UNO EQUIPO 2,TECHNOBLOCK,TFH4540F,,,EQUIPOS_Images/2943.FOTO.154003.jpg,LADO CALLE,TRIMESTRAL
1225,7,EQUIPOS DE FRIO,1016,CAMARA MANTENCION UNO EQUIPO 1,TECHNOBLOCK,TFH4540F,,,EQUIPOS_Images/1225.FOTO.154059.jpg,LADO CALLE,TRIMESTRAL
554,7,EQUIPOS DE FRIO,1016,CAMARA MANTENCION DOS EQUIPO 3,HISPANIA,HUC4502Z03,150307048,,EQUIPOS_Images/554.FOTO.155758.jpg,PATIO TRASERO,TRIMESTRAL
2831,7,EQUIPOS DE FRIO,1017,CAMARA CONGELADOS,Danfoss,NTZ068A4LR1A,,,EQUIPOS_Images/2831.FOTO.175901.jpg,LIMACHE,TRIMESTRAL
2617,7,EQUIPOS DE FRIO,1017,CAMARA MANTENCION,Danfoss,MTZ36JG4BVE,,,EQUIPOS_Images/2617.FOTO.175958.jpg,LIMACHE,TRIMESTRAL
2865,13,CAMARA DESENGRASADORA,1018,CAMARA DESENGRASADORA,VICTHER,90 lts,S/S,,EQUIPOS_Images/2865.FOTO.021418.jpg,CASINO,FUERA CONTRATO
284,16,AIRE ACONDICIONADO,1019,DEPARTAMENTO 1,KENDAL,NZ ASM-18MDS,,,EQUIPOS_Images/284.FOTO.143814.jpg,BASE SAMU BELLOTO SUR,TRIMESTRAL
285,16,AIRE ACONDICIONADO,1019,DEPARTAMENTO 2,KENDAL,NZ ASM-18MDS,,,EQUIPOS_Images/285.FOTO.143843.jpg,BASE SAMU BELLOTO SUR,TRIMESTRAL
286,16,AIRE ACONDICIONADO,1019,BOX 4,KENDAL,12000 BTU,300,,,CESAM BELLOTO SUR,TRIMESTRAL
288,16,AIRE ACONDICIONADO,1019,SALA DE GUARDIA,KENDAL,12000 BTU,300,,,CESAM BELLOTO SUR,TRIMESTRAL
289,16,AIRE ACONDICIONADO,1019,BOX 6,KENDAL,12000 BTU,300,,,CESAM BELLOTO SUR,TRIMESTRAL
290,16,AIRE ACONDICIONADO,1019,DIRECCIÓN ,AROLITE,12000 BTU,489,,,CESAM BELLOTO SUR,TRIMESTRAL
291,16,AIRE ACONDICIONADO,1019,BOX 3,AROLITE,12000 BTU,489,,,CESAM BELLOTO SUR,TRIMESTRAL
292,16,AIRE ACONDICIONADO,1019,BOX 5,KENDAL,12000 BTU,489,,,CESAM BELLOTO SUR,TRIMESTRAL
293,16,AIRE ACONDICIONADO,1019,FARMACIA,KENDAL,12000 BTU,489,,,CESAM BELLOTO SUR,TRIMESTRAL
294,16,AIRE ACONDICIONADO,1019,TOMA DE MUESTRAS,CLARK ,9000 BTU,107,,,CESAM BELLOTO SUR,TRIMESTRAL
295,16,AIRE ACONDICIONADO,1019,OFICINA BOTIQUIN,KENDAL,12000 BTU,107,,,CESAM BELLOTO SUR,TRIMESTRAL
296,16,AIRE ACONDICIONADO,1019,BOTIQUIN,KENDAL,18000 BTU,107,,,CESAM BELLOTO SUR,TRIMESTRAL
297,16,AIRE ACONDICIONADO,1019,SEGUNDO PISO ,FRIGIDAIRE,18000 BTU,107,,,CESAM BELLOTO SUR,TRIMESTRAL
298,16,AIRE ACONDICIONADO,1019,SALA MULTIPROPÓSITO ,ANWO , 12000 BTU,482,,,CESAM BELLOTO SUR,TRIMESTRAL
299,16,AIRE ACONDICIONADO,1019,SPLIT MURO NORWOOD,NORWOOD,NW-09HRE ,9000 BTU,,EQUIPOS_Images/299.FOTO.122319.jpg,CLÍNICA DENTAL MÓVIL ,TRIMESTRAL 
300,16,AIRE ACONDICIONADO,1019,SPLIT MURO ANWO,ANWO,NW-09HRE ,9000 BTU,,EQUIPOS_Images/300.FOTO.122447.jpg,CLÍNICA DENTAL MÓVIL ,TRIMESTRAL 
301,16,AIRE ACONDICIONADO,1019,CESAM,URSUS TROTTER,COOLWAVE,9000 BTU,,EQUIPOS_Images/301.FOTO.151653.jpg,CESAM LA CALERA ,TRIMESTRAL 
302,16,AIRE ACONDICIONADO,1019,OFICINA ENTREGA DE MEDICAMENTOS,KENDAL,   N2ASM-09MDS,9000 BTU,,EQUIPOS_Images/302.FOTO.162158.jpg,CESAM LIMACHE,TRIMESTRAL 
303,16,AIRE ACONDICIONADO,1019,SALA DE FRACCIONAMIENTO ANWO 12000,ANWO GES12 E,   N2ASM-09MDS,12000 btu,,EQUIPOS_Images/303.FOTO.154049.jpg,CESAM LIMACHE,TRIMESTRAL 
304,16,AIRE ACONDICIONADO,1019,CARRO DE TRANSPORTE  (ROOFTOP),ROOOFTOP ANWO,MRT-050 HWN1,62.500 BTU/H. ROOFTOP,,EQUIPOS_Images/304.FOTO.180458.jpg,HOSPITAL PEÑABLANCA,TRIMESTRAL 
305,16,AIRE ACONDICIONADO,1019,CARRO DE TRANSPORTE  (ROOFTOP),ROOOFTOP ANWO,MRT-050 HWN1,62.500 BTU/H. ROOFTOP,,EQUIPOS_Images/305.FOTO.180621.jpg,HOSPITAL PEÑABLANCA,TRIMESTRAL 
306,16,AIRE ACONDICIONADO,1019,SPLIT NUMERO TRES,SAMSUNG,AR24TSHQBURN,24000 BTU SPLIT MURO NUMERO 3,,EQUIPOS_Images/306.FOTO.155621.jpg,DROGUERÍA ,TRIMESTRAL 
307,16,AIRE ACONDICIONADO,1019,SPLIT NUMERO CUATRO,SAMSUNG,AR24TSHQBURN,24000 BTU SPLIT MURO NUNERO 4,,EQUIPOS_Images/307.FOTO.160052.jpg,DROGUERÍA ,TRIMESTRAL 
308,16,AIRE ACONDICIONADO,1019,SPLIT NUNERO CINCO,SAMSUNG,AR24TSHQBURN,24000 BTU SPLIT MURO NUNERO 5,,EQUIPOS_Images/308.FOTO.160003.jpg,DROGUERÍA ,TRIMESTRAL 
309,16,AIRE ACONDICIONADO,1019,SPLIT NUMERO SEIS,SAMSUNG,AR24TSHQBURN,24000 BTU SPLIT MURO NUMERO 6,,EQUIPOS_Images/309.FOTO.155915.jpg,DROGUERÍA ,TRIMESTRAL 
310,16,AIRE ACONDICIONADO,1019,SPLIT NUMERO UNO,SAMSUNG,AR24TSHQBURN,24000 BTU SPLIT MURO NUMERO 1,,EQUIPOS_Images/310.FOTO.155800.jpg,DROGUERÍA ,TRIMESTRAL 
311,16,AIRE ACONDICIONADO,1019,SPLIT NUNERO DOS,ANWO,2TWK0524ABAA,22000 BTU  SPLIT MURO NUNERO 2,,EQUIPOS_Images/311.FOTO.155536.jpg,DROGUERÍA ,TRIMESTRAL 
312,16,AIRE ACONDICIONADO,1019,GALPON DOS,KONE PISO CIELO,KE-H18/4R1,18000 BTU PISO CIELO GALPON 2,,EQUIPOS_Images/312.FOTO.172228.jpg,DROGUERÍA ,TRIMESTRAL 
313,16,AIRE ACONDICIONADO,1019,GALPON TRES,ANWO,,SPLIT MURO 12.000 GALPON 3,,EQUIPOS_Images/313.FOTO.172319.jpg,DROGUERÍA ,TRIMESTRAL 
314,16,AIRE ACONDICIONADO,1019,GALPON UNO,ANWO ,  KFR-500,9.000 BTU SPLIT MURO GALPON 1,,EQUIPOS_Images/314.FOTO.172118.jpg,DROGUERÍA ,TRIMESTRAL 
315,16,AIRE ACONDICIONADO,1019,SALA DE ESPERA,ANWO,18000,9000 BTU,,,CROSB,TRIMESTRAL 
317,16,AIRE ACONDICIONADO,1019,ESTERILIZACION,CARRIER,COMPACTO,60000 BTU,,,CROSB,TRIMESTRAL 
319,16,AIRE ACONDICIONADO,1019,PORTATIL,KENDAL,9000,9000 BTU,,,CROSB,TRIMESTRAL 
320,16,AIRE ACONDICIONADO,1019,S.I.D.R.A (RRFF SSVQ) 2do Piso,KHONE ,AS-30HR4FUL,27000 BTU SPLIT MURO,,EQUIPOS_Images/320.FOTO.134026.jpg,RECURSOS FISICOS SSVQ,TRIMESTRAL 
321,16,AIRE ACONDICIONADO,1019,SALA SERVIDORES SALA TIC1 SSVQ 1er Piso,ANWO,GES18E,18000 BTU SPLIT MURO,,EQUIPOS_Images/321.FOTO.153204.jpg,RECURSOS FISICOS SSVQ,TRIMESTRAL 
322,16,AIRE ACONDICIONADO,1019,SALA SERVIDORES SALA TIC1 SSVQ 1er Piso,ANWO,GES 18E,18000 BTU SPLIT MURO,,EQUIPOS_Images/322.FOTO.153234.jpg,RECURSOS FISICOS SSVQ,TRIMESTRAL 
323,16,AIRE ACONDICIONADO,1019,FINANZAS (RRFF SSVQ) 1er Piso,KHONE, AS-18HR4FUL,18000 BTU SPLIT MURO,,EQUIPOS_Images/323.FOTO.134543.jpg,RECURSOS FISICOS SSVQ,TRIMESTRAL 
324,16,AIRE ACONDICIONADO,1019,COMEDOR (RRFF SSVQ) 2do Piso,ANWO,  GES 22E,22000 BTU SPLIT MURO,,EQUIPOS_Images/324.FOTO.134934.jpg,RECURSOS FISICOS SSVQ,TRIMESTRAL 
325,16,AIRE ACONDICIONADO,1019,SALA MULTIUSO (RRFF) 2do Piso,KHONE,AS-30HR4FUL,27000 BTU SPLIT MURO,,EQUIPOS_Images/325.FOTO.155105.jpg,RECURSOS FISICOS SSVQ,TRIMESTRAL 
326,16,AIRE ACONDICIONADO,1019,ABASTECIMIENTO (RRFF) 1er Piso,ANWO,GES 24E,24000 BTU SPLIT MURO,,EQUIPOS_Images/326.FOTO.154340.jpg,RECURSOS FISICOS SSVQ,TRIMESTRAL 
327,16,AIRE ACONDICIONADO,1019,SPLIT MURO KHONE 24000,KHONE 24000,N2ASM-24MDS,24000 BTU,,,CENTRO REGULADOR VIÑA DEL MAR,TRIMESTRAL 
328,16,AIRE ACONDICIONADO,1019,SPLIT MURO KENDAL 12000,KENDAL  ,N2ASM-12MDS,12000 BTU,,EQUIPOS_Images/328.FOTO.151903.jpg,CENTRO REGULADOR VIÑA DEL MAR,TRIMESTRAL 
329,16,AIRE ACONDICIONADO,1019,SPLIT MURO CLARK 18000,KENDAL  ,N2ASM-12MDS,12000 BTU,,,CENTRO REGULADOR VIÑA DEL MAR,TRIMESTRAL 
330,16,AIRE ACONDICIONADO,1019,SPLIT MURO KENDAL 12000,KENDAL  ,N2ASM-12MDS,12000 BTU,,,CENTRO REGULADOR VIÑA DEL MAR,TRIMESTRAL 
331,16,AIRE ACONDICIONADO,1019,SPLIT MURO ANWO INVERTER,ANWO 12000,12000,12000 BTU,,EQUIPOS_Images/331.FOTO.151813.jpg,CENTRO REGULADOR VIÑA DEL MAR,TRIMESTRAL 
332,16,AIRE ACONDICIONADO,1019,SPLIT MURO KHONE,Khone,12MDS,12000 BTU,,,CENTRO REGULADOR VIÑA DEL MAR,TRIMESTRAL 
333,16,AIRE ACONDICIONADO,1019,PORTÁTIL NRO 10,KENDAL  ,EVA-12000,12000 BTU,,,CENTRO REGULADOR VIÑA DEL MAR,TRIMESTRAL 
334,16,AIRE ACONDICIONADO,1019,PORTÁTIL NRO 2,KENDAL  ,EVA-12000,12000 BTU,,,CENTRO REGULADOR VIÑA DEL MAR,TRIMESTRAL 
335,16,AIRE ACONDICIONADO,1019,PORTÁTIL NRO 3,KENDAL  ,EVA-12000,12000 BTU,,,CENTRO REGULADOR VIÑA DEL MAR,TRIMESTRAL 
336,16,AIRE ACONDICIONADO,1019,PORTÁTIL NRO 7,KENDAL  ,EVA-12000,12000 BTU,,,CENTRO REGULADOR VIÑA DEL MAR,TRIMESTRAL 
337,16,AIRE ACONDICIONADO,1019,"BODEGA, SPLIT MURO NRO 2",CLARK,CST-12HRE,12000 BTU,,,BASE SAMU VIÑA DEL MAR,TRIMESTRAL 
338,16,AIRE ACONDICIONADO,1019,"RESIDENCIA, SPLIT MURO NRO 3",CLARK,CST-12HRE,12000 BTU,,EQUIPOS_Images/338.FOTO.141214.jpg,BASE SAMU VIÑA DEL MAR,TRIMESTRAL 
339,16,AIRE ACONDICIONADO,1019,"SALA DATA, SPLIT MURO NRO 6",CLARK,CST-12HRE,12000 BTU,,EQUIPOS_Images/339.FOTO.141426.jpg,BASE SAMU VIÑA DEL MAR,TRIMESTRAL 
340,16,AIRE ACONDICIONADO,1019,"ENFERMERO SUPERVISOR, SPLIT MURO NRO 4",CLARK,CST-12HRE,12000 BTU,,EQUIPOS_Images/340.FOTO.141227.jpg,BASE SAMU VIÑA DEL MAR,TRIMESTRAL 
341,16,AIRE ACONDICIONADO,1019,"SALA DE REUNIONES, SPLIT MURO NRO 5",CLARK,CST-12HRE,12000 BTU,,EQUIPOS_Images/341.FOTO.141329.jpg,BASE SAMU VIÑA DEL MAR,TRIMESTRAL 
342,16,AIRE ACONDICIONADO,1019,PORTÁTIL,ENAXXION,YPC1-09H-1,9000 BTU,,EQUIPOS_Images/342.FOTO.141427.jpg,BASE SAMU VIÑA DEL MAR,TRIMESTRAL 
343,16,AIRE ACONDICIONADO,1019,FARMACIA RED SAMU H.BIPROV. (COSTADO BASE SAMU QUILLOTA),KENDAL,l2 ASM-18MDS,18000 BTU SPLIT MURO,,EQUIPOS_Images/343.FOTO.133357.jpg,FARMACIA SAMU QUILLOTA ,TRIMESTRAL 
2548,16,AIRE ACONDICIONADO,1019,SALA TALLER 3,KENDAL,12000,,,,CESAM BELLOTO SUR,TRIMESTRAL
1164,7,EQUIPOS DE FRIO,1001,CONGELADOR C.O.8.4 (ex C.O.8.11),FENSA,FFHH Y300,,,EQUIPOS_Images/1164.FOTO.163556.jpg,VIVENDUM,FUERA CONTRATO
2695,16,AIRE ACONDICIONADO,1001,AIRE ACONDICIONADO DECANOS C.P.14.2,Midea,GEP36E,63229942900,,EQUIPOS_Images/2695.FOTO.201750.jpg,COMEDOR P,FUERA CONTRATO
2451,19,MAQUINARIAS EN GENERAL ,1001,PICADOR DE VERDURAS,ROBOT COUPE,CL50,,,EQUIPOS_Images/2451.FOTO.210241.jpg,CASINO CENTRAL,SEMESTRAL
515,12,TERMO,1001,TERMO TROTTER C.C.15.1,TROTTER,TER-E-600-380-9,1158,,EQUIPOS_Images/515.FOTO.162516.jpg,CASINO CENTRAL,FUERA CONTRATO
2540,7,EQUIPOS DE FRIO,1001,MAQUINA DE JUGO C.C.18.2,BEGEL,Seguranca,07286,,EQUIPOS_Images/2540.FOTO.152231.jpg,CASINO CENTRAL,SEMESTRAL
2608,7,EQUIPOS DE FRIO,1001,MAQUINA DE JUGO C.C.18.1,BEGEL,Seguranca ,,,EQUIPOS_Images/2608.FOTO.145236.jpg,CASINO CENTRAL,SEMESTRAL
1405,19,LICUADORA,1001,LICUADORA SKYMSEN,SKYMSEN,LAR-15LMB,685925000154,,EQUIPOS_Images/1405.FOTO.203420.jpg,CASINO CENTRAL,SEMESTRAL
2341,16,AIRE ACONDICIONADO,1001,SPLIT DUCTO RECTOR,,,,,EQUIPOS_Images/2341.FOTO.194617.jpg,EDIFICIO A 3ER PISO,FUERA CONTRATO
1052,16,AIRE ACONDICIONADO,1001,"SPLIT DUCTO SALON RECTOR (ala Norte, condensador inferior)",,ANL-50M,R-22 / 220 volt.,,,EDIFICIO A 3ER PISO,FUERA CONTRATO
729,16,AIRE ACONDICIONADO,1001,"SPLIT DUCTO SALON RECTOR (ala Sur, condensador superior)",,ANL-50M,"R-22, 220 volt",,,EDIFICIO A 3ER PISO,FUERA CONTRATO
1986,19,AIRE ACONDICIONADO,1001,EXTRACTOR CENTRIFUGO BAÑO (edificio P),,CBR 12/12,,,EQUIPOS_Images/1986.FOTO.004552.jpg,EDIFICIO P,FUERA CONTRATO
2980,19,AIRE ACONDICIONADO,1001,EXTRACTOR CENTRIFUGO BAÑO (edificio C),sin marca,sin modelo,,,EQUIPOS_Images/2980.FOTO.032210.jpg,EDIFICIO C,FUERA CONTRATO
1461,19,AIRE ACONDICIONADO,1001,EXTRACTOR BAÑO EDIFICIO P LADO CAFETERIA,sin marca,sin modelo,220 volt,,,EDIFICIO P,FUERA CONTRATO
1802,16,AIRE ACONDICIONADO,1003,AIRE ACONDICIONADO,Midea,Midea,,,EQUIPOS_Images/1802.FOTO.145839.jpg,AIRE ACONDICIONADO,FUERA CONTRATO
2640,4,COCINA A GAS,1003,RED DE GAS COCINA,S/M,S/M,S/S,,EQUIPOS_Images/2640.FOTO.035204.jpg,COCINA,FUERA CONTRATO
1662,7,EQUIPOS DE FRIO,1003,COOLER 2 Ptas CAF1.6,DE RIGO,ANDINA,0635,,EQUIPOS_Images/1662.FOTO.210004.jpg,COOLER,FUERA CONTRATO
2389,7,EQUIPOS DE FRIO,1003,VITRINA CAF2.4,S/M,,,,EQUIPOS_Images/2389.FOTO.231447.jpg,CAFETERIA,BIMESTRAL
999,7,EQUIPOS DE FRIO,1003,VITRINA CAF2.5,S/M,,,,EQUIPOS_Images/999.FOTO.232855.jpg,CAFETERIA,BIMESTRAL
2488,7,EQUIPOS DE FRIO,1003,MESON REFRIGERADO CAF14.4,DE RIGO,ANDINA,,,EQUIPOS_Images/2488.FOTO.233410.jpg,CAFETERIA,BIMESTRAL
2969,7,EQUIPOS DE FRIO,1003,VISICOOLER PROFESORES,Ventus,LG-900TC,,,EQUIPOS_Images/2969.FOTO.211202.jpg,COOLER,TRIMESTRAL
470,7,EQUIPOS DE FRIO,1003,VISICOOLER LINEA UNO,Ventus,LG-900TC,,,EQUIPOS_Images/470.FOTO.233501.jpg,COOLER,TRIMESTRAL
825,19,AIRE ACONDICIONADO,1003,CORTINA DE AIRE ENTRADA OFICINA,TADIRAN,ANL-50M,s/s,,,CORTINAS DE AIRE,SEMESTRAL
1193,19,AIRE ACONDICIONADO,1003,EXTRACCION LAVAVAJILLAS,,,,,EQUIPOS_Images/1193.FOTO.142815.jpg,EXTRACCIÓN,FUERA CONTRATO
1417,19,AIRE ACONDICIONADO,1003,EXTRACCIÓN HORNOS,,,,,EQUIPOS_Images/1417.FOTO.142906.jpg,EXTRACCIÓN,SEMESTRAL
2974,19,AIRE ACONDICIONADO,1003,EXTRACCIÓN MARMITAS (2 EQUIPOS),,,,,EQUIPOS_Images/2974.FOTO.143009.jpg,EXTRACCIÓN,SEMESTRAL
796,19,AIRE ACONDICIONADO,1003,EXTRACCIÓN COCINA CALIENTE,,,,,EQUIPOS_Images/796.FOTO.143105.jpg,EXTRACCIÓN,SEMESTRAL
1504,19,AIRE ACONDICIONADO,1003,EXTRACCIÓN LINEAS DE SERVICIO,,,,,EQUIPOS_Images/1504.FOTO.143156.jpg,EXTRACCIÓN,FUERA CONTRATO
1618,15,BATIDORA,1003,BATIDORA PLANETARIA,VENTUS,VM-10,,,EQUIPOS_Images/1618.FOTO.154149.jpg,COCINA,TRIMESTRAL 
2887,21,,1003,DOCUMENTOS,,,,,,DOCUMENTOS,DOCUMENTOS
1344,12,TERMO,1004,GIMNASIO TERMO 3 (Baños segundo piso),,,,,,TERMOS,FUERA CONTRATO
844,12,TERMO,1004,EMPRESAS EXTERNAS 600 LT,,,,,EQUIPOS_Images/844.FOTO.131241.jpg,TERMOS,FUERA CONTRATO
2998,12,TERMO,1004,EDIFICIO VIDA UNIV. NRO UNO 180 LT,,,,,EQUIPOS_Images/2998.FOTO.131142.jpg,TERMOS,FUERA CONTRATO
812,12,TERMO,1004,"EDIFICIO VIDA UNIV. NRO DOS, 180 LT",,,,,EQUIPOS_Images/812.FOTO.131124.jpg,TERMOS,FUERA CONTRATO
2956,12,TERMO,1004,VESTUARIO GUARDIA 240 LT,,,,,EQUIPOS_Images/2956.FOTO.124314.jpg,TERMOS,FUERA CONTRATO
943,12,TERMO,1004,TALLER MANTENCIÓN INDUSTRIAL 500 LT,,,,,EQUIPOS_Images/943.FOTO.170423.jpg,TERMOS,FUERA CONTRATO
1511,12,TERMO,1004,VESTUARIO MANTENCIÓN 305 LT,,,,,EQUIPOS_Images/1511.FOTO.131536.jpg,TERMOS,FUERA CONTRATO
1174,12,TERMO,1004,VESTUARIO CASINO 300 LT,,,,,EQUIPOS_Images/1174.FOTO.131550.jpg,TERMOS,FUERA CONTRATO
2159,16,AIRE ACONDICIONADO,1009,ROOFTOP ESTERILIZACION,MIDEA,MRX- 50HWN1-R,,,EQUIPOS_Images/2159.FOTO.212216.jpg,CROSB,FUERA CONTRATO
2775,7,EQUIPOS DE FRIO,1014,CONTENEDOR MP3000,Thermo king,Magnum-532,A001102617,,EQUIPOS_Images/2775.FOTO.181436.jpg,APN,TRIMESTRAL
2422,7,EQUIPOS DE FRIO,1014,CAMARA DE MANTENCION,Hispania,LKPG PLUS 200MT,,,EQUIPOS_Images/2422.FOTO.161202.jpg,APN,TRIMESTRAL
1777,16,AIRE ACONDICIONADO,1019,SPLIT NUEVO,Anwo,,,,EQUIPOS_Images/1777.FOTO.033030.jpg,DROGUERÍA,TRIMESTRAL
2013,21,,1003,INFORME DE ATENCIÓN TECNICA,,,,,,DOCUMENTOS,INFORME DE ATENCIÓN TECNICA